scenario_id,cryptography_communications_security_cryptographer,cryptography_communications_security_secure_communications_operator,cyber_security_audit_assurance,cyber_security_governance_risk_management,cyber_security_governance_risk_management_industrial_control_systems,cyber_security_management,cyber_threat_intelligence,data_protection_privacy,digital_forensics,digital_forensics_industrial_control_systems,identity_access_management,incident_response,incident_response_industrial_control_systems,network_monitoring_intrusion_detection,secure_operations,secure_operations_industrial_control_systems,secure_system_architecture_design,secure_system_architecture_design_industrial_control_systems,secure_system_development,secure_system_development_industrial_control_systems,security_testing,vulnerability_management
1,0,0,0.08333333333333333,0,0,0.10344827586206896,0.5,0,0.2296041666666667,0.19335087719298247,0.058823529411764705,0.45454545454545453,0.35714285714285715,0.3333333333333333,0.14285714285714285,0.125,0,0,0,0,0.23529411764705882,0.3076923076923077
2,0.5896666666666667,0.6317857142857144,0.9295833333333334,1,1,0.7359310344827587,0.48919047619047623,0.7528787878787878,0.5775000000000001,0.6442105263157896,0.45988235294117646,0.5316969696969697,0.6320476190476191,0.5242962962962963,0.6015238095238096,0.6513333333333333,0.4454814814814815,0.5246984126984127,0.4454814814814815,0.5246984126984127,0.44121568627450974,0.4657179487179487
3,1,1,1,1,1,1,1,1,1,1,1,1,1,1,1,1,1,1,1,1,1,1
4,0.5307555555555555,0.5686666666666667,0.7169444444444445,0.8193749999999999,0.8554999999999999,0.6933678160919541,0.7131666666666667,0.5717575757575758,0.7269791666666666,0.7700877192982456,0.4904313725490196,0.8383030303030302,0.8729523809523809,0.6281111111111111,0.7756666666666666,0.8037083333333332,0.4376666666666666,0.5179999999999999,0.4376666666666666,0.5179999999999999,0.3812549019607843,0.5734102564102563
5,0.06666666666666667,0.07142857142857142,0.48041666666666666,0.625,0.5,0.19879310344827586,0.21428571428571427,0.43318181818181817,0.1728125,0.1455263157894737,0.17647058823529413,0,0,0,0,0,0,0,0,0,0.11764705882352941,0.07692307692307693
6,0.3202,0.3430714285714286,0.25,0.375,0.3,0.3025057471264368,0.14285714285714285,0.36363636363636365,0.25,0.21052631578947367,0.6129411764705883,0.09090909090909091,0.07142857142857142,0.22559259259259257,0.47480952380952385,0.4154583333333334,0.43324074074074076,0.3713492063492064,0.43324074074074076,0.3713492063492064,0.3562352941176471,0.46153846153846156
7,0.7579999999999999,0.7407142857142857,0.13441666666666668,0.06120833333333333,0.24896666666666667,0.3962298850574713,0.36442857142857144,0.2283939393939394,0.34252083333333333,0.3957719298245614,0.4874117647058823,0.5141212121212121,0.5496190476190477,0.5958518518518519,0.6547857142857143,0.6979375,0.5650925925925926,0.5814761904761905,0.5650925925925926,0.5814761904761905,0.3342745098039216,0.4265897435897436
8,0.24428888888888892,0.26173809523809527,0.8299444444444444,0.8982083333333333,0.7185666666666667,0.4697816091954023,0.43826190476190474,0.8168787878787879,0.44029166666666664,0.37077192982456136,0.3943529411764706,0.37596969696969695,0.2954047619047619,0.41714814814814816,0.33959523809523806,0.29714583333333333,0.1287037037037037,0.11031746031746031,0.1287037037037037,0.11031746031746031,0.30807843137254903,0.41635897435897434
9,0.44142222222222227,0.472952380952381,0.9047499999999999,0.9437083333333334,0.7737,0.6156896551724138,0.5858571428571429,0.811878787878788,0.47458333333333336,0.4095087719298246,0.5906274509803923,0.582939393939394,0.47140476190476194,0.542962962962963,0.45192857142857146,0.4071458333333334,0.18637037037037038,0.1686666666666667,0.18637037037037038,0.1686666666666667,0.3357058823529412,0.5383846153846154
10,0.5301333333333333,0.5680000000000001,0.6728333333333333,0.747875,0.7982999999999999,0.6237126436781609,0.566595238095238,0.6124545454545455,0.5254791666666666,0.6004035087719298,0.48488235294117643,0.5505151515151515,0.6468333333333334,0.603925925925926,0.5686428571428572,0.6225625000000001,0.3309259259259259,0.4265079365079365,0.3309259259259259,0.4265079365079365,0.45405882352941174,0.5318461538461539
11,0.8697777777777778,0.8604761904761904,0.5824444444444444,0.7120833333333333,0.7696666666666666,0.6971954022988505,0.6983095238095238,0.5369999999999999,0.752625,0.7916842105263158,0.6952156862745097,0.6109696969696969,0.6943333333333334,0.8085555555555556,0.879547619047619,0.8946041666666666,0.5583333333333333,0.6214285714285714,0.5583333333333333,0.6214285714285714,0.6062941176470589,0.6002307692307692
12,0.2919333333333333,0.3127857142857143,0.4561388888888888,0.615625,0.49433333333333335,0.34801149425287353,0.2944047619047619,0.4304242424242424,0.21654166666666666,0.1833157894736842,0.3018235294117647,0.2355757575757576,0.1864047619047619,0.20322222222222225,0.22635714285714284,0.19920833333333332,0.12211111111111113,0.10553968253968256,0.12211111111111113,0.10553968253968256,0.17994117647058824,0.2253589743589744
13,0.7813555555555556,0.8371666666666667,0.8778888888888888,0.8168333333333333,0.6615,0.8313218390804595,1,0.9576969696969696,0.89475,0.757701754385965,0.8605294117647059,0.9205757575757576,0.7290476190476192,1,1,0.8800208333333334,0.5625185185185186,0.4859841269841271,0.5625185185185186,0.4859841269841271,0.8179215686274509,1
14,0.5612666666666667,0.6013571428571428,0.8577499999999999,0.978,0.9675999999999999,0.7618850574712642,0.8762619047619047,0.6414242424242423,0.6919375,0.6801578947368421,0.6424313725490196,0.9244848484848486,0.8586666666666668,1,0.8255476190476191,0.8381041666666668,0.5223148148148148,0.5358888888888889,0.5223148148148148,0.5358888888888889,0.6685490196078431,0.964076923076923
15,0.33757777777777775,0.3616904761904762,0.5335,0.5330833333333334,0.5604333333333333,0.6437931034482758,0.8072380952380953,0.4910909090909091,0.6665833333333333,0.6318421052631579,0.6280980392156862,0.7682727272727273,0.6993333333333334,0.6517407407407407,0.6746428571428571,0.6740416666666665,0.40681481481481485,0.4124920634920635,0.40681481481481485,0.4124920634920635,0.5675686274509804,0.7626153846153847
16,0.22477777777777777,0.24083333333333332,0.23830555555555552,0.23245833333333332,0.18596666666666667,0.28495402298850575,0.5245,0.07815151515151515,0.27525,0.23178947368421055,0.1093921568627451,0.6803030303030303,0.5345238095238095,0.8278888888888889,0.5288571428571429,0.46275,0.16803703703703704,0.144031746031746,0.16803703703703704,0.144031746031746,0.26182352941176473,0.5844615384615385
17,0.026222222222222223,0.028095238095238097,0.03277777777777778,0.04916666666666667,0.03933333333333334,0.013563218390804599,0.028095238095238097,0.03575757575757576,0.024583333333333336,0.020701754385964912,0.023137254901960787,0,0,0,0,0,0,0,0,0,0.023137254901960787,0
18,0.2255111111111111,0.24161904761904762,0.6645833333333333,0.8535833333333332,0.767,0.47867816091954024,0.5227142857142856,0.47560606060606064,0.44316666666666665,0.41747368421052633,0.36037254901960786,0.5588484848484849,0.49919047619047624,0.4225555555555556,0.31738095238095243,0.3302916666666667,0.17012962962962963,0.18588888888888888,0.17012962962962963,0.18588888888888888,0.3622352941176471,0.509897435897436
19,0.07986666666666666,0.08557142857142856,0.049916666666666665,0.074875,0.059899999999999995,0.07579310344827586,0.11421428571428571,0.05445454545454545,0.16318749999999999,0.13742105263157894,0.07047058823529412,0.09090909090909091,0.07142857142857142,0,0.11421428571428571,0.0999375,0.033277777777777774,0.02852380952380952,0.033277777777777774,0.02852380952380952,0.03523529411764706,0
20,0.06666666666666667,0.07142857142857142,0.38869444444444445,0.3534583333333333,0.28276666666666667,0.20750574712643674,0.11888095238095238,0.21393939393939393,0.16652083333333334,0.14022807017543862,0.2662745098039216,0.24221212121212124,0.19030952380952382,0.18492592592592594,0.13054761904761905,0.11422916666666666,0.08383333333333334,0.07185714285714286,0.08383333333333334,0.07185714285714286,0.13798039215686275,0.24410256410256412
21,0.545888888888889,0.5848809523809525,0.9325277777777777,1,0.8210333333333334,0.81033333333333335,0.7566666666666667,0.7507575757575757,0.6129375,0.5272280701754387,0.6878823529411765,0.8721212121212122,0.7002619047619048,0.8203333333333335,0.7186428571428572,0.6419583333333334,0.5338888888888889,0.4676349206349207,0.5338888888888889,0.4676349206349207,0.6463529411764706,0.8461538461538461
22,0.4457111111111111,0.47754761904761905,0.308,0.23833333333333334,0.39066666666666666,0.4763103448275861,0.315047619047619,0.30303030303030304,0.45993749999999994,0.5336666666666666,0.45250980392156864,0.43709090909090914,0.5420476190476191,0.5635925925925926,0.48147619047619045,0.5462916666666667,0.6228148148148149,0.6662539682539683,0.6228148148148149,0.6662539682539683,0.6942941176470588,0.5005897435897436
23,0.10813333333333335,0.11585714285714287,0.1265,0.17145833333333332,0.1454,0.13034482758620689,0.10733333333333334,0.24151515151515152,0.042291666666666665,0.039947368421052634,0.17105882352941176,0.057757575757575765,0.051261904761904765,0.03503703703703704,0.14238095238095239,0.12972916666666667,0.03811111111111111,0.036587301587301585,0.03811111111111111,0.036587301587301585,0.034156862745098035,0.10787179487179488
24,0.35331111111111113,0.3785476190476191,0.8817222222222221,0.9157916666666667,0.7855,0.656896551724138,1,0.738,0.7540416666666666,0.6628070175438596,0.44472549019607843,1,0.8234761904761905,0.9306666666666666,0.7265,0.6687291666666667,0.2037037037037037,0.19977777777777778,0.2037037037037037,0.19977777777777778,0.5520980392156862,0.7831538461538462
25,0,0,0,0,0,0,0,0,0,0,0,0,0,0,0,0,0,0,0,0,0,0
26,0.11633333333333333,0.12464285714285715,0.7219722222222221,0.8329583333333334,0.6663666666666667,0.4874022988505747,0.9214761904761904,0.4338787878787879,0.5500833333333334,0.46322807017543866,0.4427843137254902,0.8181818181818182,0.6428571428571429,0.6666666666666666,0.48178571428571426,0.4215625,0.18785185185185185,0.161015873015873,0.18785185185185185,0.161015873015873,0.5021764705882353,0.7623333333333333
27,0.4030222222222222,0.43180952380952387,0.32311111111111107,0.3155,0.3589,0.5076206896551724,0.7208095238095238,0.3334242424242424,0.6570208333333334,0.6093333333333333,0.5476666666666666,0.7127575757575757,0.636095238095238,0.7444444444444445,0.769142857142857,0.7395624999999999,0.3558888888888889,0.3557619047619048,0.3558888888888889,0.3557619047619048,0.5663921568627451,0.6695384615384615
28,0.9415777777777777,0.9572142857142857,1,1,1,0.9870114942528736,0.9485,0.9623636363636363,0.9767916666666667,0.9624210526315791,0.974078431372549,0.9657575757575757,0.9486190476190475,0.9155925925925925,0.954404761904762,0.9601041666666668,0.9339444444444445,0.927063492063492,0.9339444444444445,0.927063492063492,0.9104313725490196,0.9572564102564102
29,0.775,0.8303571428571429,0.8753888888888889,0.828125,0.8625,0.9267241379310345,0.9980238095238095,0.8240909090909091,0.8912083333333333,0.8954736842105262,0.7628039215686274,1,0.9824761904761904,0.9696666666666667,0.8492142857142857,0.8680625000000001,0.5792222222222223,0.6276507936507937,0.5792222222222223,0.6276507936507937,0.7758823529411765,0.9989230769230769
30,0.06666666666666667,0.07142857142857142,0.6683333333333333,0.8472083333333332,0.8777666666666666,0.3455172413793103,0.4140952380952381,0.504090909090909,0.26514583333333336,0.35940350877192984,0.2507843137254902,0.34521212121212125,0.45597619047619053,0.3108148148148148,0.2452857142857143,0.339625,0,0.12315873015873016,0,0.12315873015873016,0.19784313725490196,0.29210256410256413
31,0,0,0,0,0,0,0,0,0,0,0,0,0,0,0,0,0,0,0,0,0,0
32,0.15966666666666665,0.17107142857142857,1,1,0.8,0.5824252873563218,0.5728095238095238,0.8160909090909091,0.6276458333333333,0.5285438596491228,0.6069411764705882,0.4995757575757576,0.39252380952380955,0.38837037037037037,0.26892857142857146,0.2353125,0.24224074074074076,0.20763492063492064,0.24224074074074076,0.20763492063492064,0.40972549019607846,0.6534871794871795
33,0.4581777777777778,0.4909047619047619,0.6665833333333333,0.624875,0.5372,0.6192643678160921,0.8204047619047619,0.5473939393939393,0.5125,0.45121052631578945,0.6247843137254901,0.8768787878787879,0.7156190476190476,0.9636666666666667,0.8967380952380952,0.8079583333333333,0.39644444444444454,0.35757142857142865,0.39644444444444454,0.35757142857142865,0.5924705882352942,0.7975897435897435
34,0.2481111111111111,0.2658333333333333,0.5090833333333333,0.42624999999999996,0.3571,0.42728735632183895,0.676,0.5850000000000001,0.5964166666666666,0.5107192982456139,0.34072549019607845,0.5955454545454546,0.47942857142857154,0.43403703703703705,0.30542857142857144,0.2773125,0.11801851851851851,0.10882539682539683,0.11801851851851851,0.10882539682539683,0.3695490196078432,0.3975384615384616
35,0.4396666666666667,0.47107142857142864,0.716,0.7199166666666666,0.5981000000000001,0.5792183908045977,0.43561904761904763,0.6623636363636364,0.45210416666666664,0.39238596491228067,0.6070784313725489,0.5507575757575758,0.44857142857142857,0.6425925925925926,0.6545,0.5865416666666666,0.309,0.2754126984126984,0.309,0.2754126984126984,0.3899803921568627,0.5212564102564102
36,0.14795555555555556,0.1585238095238095,0.8503333333333334,0.9005,0.7277,0.3831264367816092,0.4785238095238096,0.6793030303030303,0.3659583333333334,0.31201754385964914,0.36978431372549025,0.35339393939393937,0.28288095238095234,0.20411111111111113,0.13121428571428573,0.11937500000000001,0.010166666666666668,0.01219047619047619,0.010166666666666668,0.01219047619047619,0.18374509803921568,0.2951538461538461
37,0.24735555555555558,0.26502380952380955,0.4740277777777779,0.6028333333333333,0.48316666666666674,0.31887356321839067,0.43092857142857144,0.45836363636363636,0.31027083333333333,0.2617543859649123,0.3018823529411765,0.40087878787878795,0.3156190476190477,0.3962962962962963,0.40423809523809523,0.35427083333333337,0.09924074074074074,0.08549206349206351,0.09924074074074074,0.08549206349206351,0.25445098039215686,0.3681538461538461
38,0.06666666666666667,0.07142857142857142,0.1973888888888889,0.251875,0.2463,0.16014942528735635,0.1681190476190476,0.2356969696969697,0.08460416666666666,0.09482456140350877,0.2229019607843137,0.12306060606060606,0.1286904761904762,0.1504074074074074,0.1953333333333333,0.19891666666666666,0,0.021333333333333333,0,0.021333333333333333,0.011568627450980393,0.18105128205128204
39,0.13333333333333333,0.14285714285714285,0.6186111111111111,0.6779166666666666,0.7423333333333333,0.4779425287356322,0.6005238095238096,0.45454545454545453,0.25,0.3455263157894737,0.49145098039215684,0.767,0.7858571428571428,0.6041111111111112,0.6279761904761905,0.6744791666666666,0.25361111111111106,0.3395238095238095,0.25361111111111106,0.3395238095238095,0.20084313725490197,0.5720769230769231
40,0.09715555555555555,0.10409523809523809,0.36533333333333334,0.3496666666666667,0.2870333333333333,0.21371264367816095,0.5248095238095238,0.17463636363636365,0.45164583333333336,0.3841754385964913,0.19933333333333333,0.4257272727272727,0.33971428571428564,0.28944444444444445,0.2024047619047619,0.18166666666666664,0.025648148148148146,0.025460317460317457,0.025648148148148146,0.025460317460317457,0.17476470588235293,0.28469230769230774
41,0.6915111111111111,0.740904761904762,0.9890555555555556,1,1,0.898367816091954,0.695952380952381,0.8062424242424242,0.70025,0.7328771929824561,0.8108039215686275,0.7948484848484849,0.818857142857143,0.8442592592592593,0.8618571428571429,0.879125,0.7706481481481481,0.7901111111111111,0.7706481481481481,0.7901111111111111,0.7929607843137254,0.7745641025641026
42,0.10995555555555557,0.11780952380952382,0.20775000000000002,0.31162500000000004,0.29610000000000003,0.12449425287356322,0.17873809523809525,0.16845454545454547,0.15639583333333335,0.15633333333333335,0.09647058823529413,0.17539393939393938,0.17123809523809522,0.14325925925925925,0.1378095238095238,0.14983333333333332,0.03607407407407408,0.0532063492063492,0.03607407407407408,0.0532063492063492,0.10954901960784315,0.09917948717948717
43,0.9819777777777777,0.9806904761904761,0.9462222222222222,1,1,0.9777471264367816,1,0.9413333333333332,0.8873333333333332,0.9051228070175438,0.927078431372549,1,1,1,1,1,0.9622592592592593,0.9676507936507937,0.9622592592592593,0.9676507936507937,0.9600392156862745,0.9046410256410257
44,0,0,0,0,0,0,0,0,0,0,0,0,0,0,0,0,0,0,0,0,0,0
45,0.5118222222222222,0.5483809523809524,0.92425,1,1,0.7533563218390803,0.8324285714285714,0.7355454545454545,0.6427708333333334,0.6512631578947369,0.627078431372549,0.8832121212121211,0.8432142857142857,0.8152592592592591,0.8393809523809524,0.8594583333333333,0.35224074074074074,0.4014285714285714,0.35224074074074074,0.4014285714285714,0.4524313725490196,0.7966923076923076
46,0.6166888888888888,0.6208571428571429,0.9080833333333334,1,0.8042333333333334,0.6154022988505748,0.7303333333333334,0.7179090909090909,0.6974375,0.5895438596491228,0.5582549019607844,0.6655454545454546,0.525952380952381,0.4694074074074074,0.6141904761904763,0.5400625,0.2554444444444444,0.22096825396825398,0.2554444444444444,0.22096825396825398,0.20976470588235294,0.4845128205128205
47,0.13053333333333333,0.13985714285714287,0.25,0.125,0.1,0.20689655172413793,0.5729285714285715,0,0.286,0.24084210526315789,0.11764705882352941,0.6887272727272727,0.5411428571428571,0.8842222222222222,0.4255714285714286,0.372375,0.05555555555555555,0.047619047619047616,0.05555555555555555,0.047619047619047616,0.3178235294117647,0.6564615384615384
48,0.19948888888888885,0.2137380952380952,0.8023888888888888,0.8292083333333333,0.6766333333333333,0.49679310344827576,0.5905238095238095,0.7293939393939394,0.46143749999999994,0.3955614035087719,0.5166274509803922,0.5732424242424243,0.4598809523809524,0.49237037037037035,0.2705714285714285,0.24504166666666666,0.16357407407407404,0.1465238095238095,0.16357407407407404,0.1465238095238095,0.4502745098039216,0.6180256410256411
49,0.15722222222222224,0.16845238095238096,0.46836111111111106,0.5365833333333333,0.4649,0.31824137931034485,0.24619047619047618,0.4893939393939394,0.15714583333333332,0.1510877192982456,0.31666666666666665,0.34469696969696967,0.29628571428571426,0.19029629629629627,0.2510238095238095,0.24191666666666664,0.10383333333333332,0.10596825396825395,0.10383333333333332,0.10596825396825395,0.163078431372549,0.21325641025641023
50,0.2836,0.3038571428571429,0.7212777777777777,0.8319166666666666,0.6655333333333333,0.5549540229885057,0.7343571428571428,0.550939393939394,0.44127083333333333,0.3715964912280702,0.600313725490196,0.8742727272727272,0.6869285714285714,0.8745555555555555,0.6698095238095237,0.5860833333333333,0.3136481481481482,0.2688412698412698,0.3136481481481482,0.2688412698412698,0.5017843137254903,0.9278461538461539
51,0.3043333333333333,0.32607142857142857,0.8404999999999999,0.9253750000000001,0.7446333333333334,0.6012873563218389,0.9790714285714285,0.5738484848484848,0.6504999999999999,0.5500701754385964,0.3984509803921569,0.9090909090909091,0.7173809523809525,0.9141851851851851,0.666952380952381,0.5862916666666667,0.14881481481481482,0.1296190476190476,0.14881481481481482,0.1296190476190476,0.541078431372549,0.8027948717948719
52,0.5471555555555555,0.5862380952380952,0.7832222222222224,0.9174166666666667,0.8642333333333333,0.7075517241379311,0.841190476190476,0.5607878787878788,0.6168958333333333,0.5880701754385965,0.5698235294117647,0.8683333333333334,0.7753333333333333,0.9156296296296296,0.6606904761904762,0.6595416666666668,0.6174999999999999,0.5913333333333333,0.6174999999999999,0.5913333333333333,0.8595882352941177,0.8592564102564103
53,0,0,0,0,0,0,0,0,0,0,0,0,0,0,0,0,0,0,0,0,0,0
54,0.5741555555555555,0.6151666666666666,0.6078055555555556,0.5396249999999999,0.4317,0.4171149425287356,0.5169523809523809,0.6235454545454545,0.4985416666666667,0.41982456140350877,0.3460196078431372,0.38521212121212123,0.3026666666666667,0.693037037037037,0.509547619047619,0.44585416666666666,0.16666666666666666,0.14285714285714285,0.16666666666666666,0.14285714285714285,0.31562745098039213,0.4797948717948718
55,0.06666666666666667,0.07142857142857142,0.04575,0.06862499999999999,0.0549,0.061057471264367814,0.03921428571428571,0.23172727272727273,0,0,0.17907843137254903,0,0,0,0.17823809523809522,0.15595833333333334,0.012314814814814815,0.010555555555555556,0.012314814814814815,0.010555555555555556,0.013039215686274511,0.042230769230769225
56,0.1672666666666667,0.17921428571428574,0.20069444444444445,0.17604166666666668,0.321,0.22097701149425286,0.07142857142857142,0.3358787878787879,0,0.09482456140350877,0.28925490196078435,0,0.1286904761904762,0,0,0.11260416666666666,0.08383333333333334,0.15765079365079365,0.08383333333333334,0.15765079365079365,0,0.07692307692307693
57,0.30131111111111114,0.32283333333333336,0.5219166666666667,0.6529583333333334,0.5223666666666666,0.3470574712643678,0.2857142857142857,0.5847575757575758,0.18995833333333334,0.15996491228070175,0.3396470588235294,0.18181818181818182,0.14285714285714285,0.1265185185185185,0.15276190476190477,0.13366666666666666,0.1322777777777778,0.11338095238095239,0.1322777777777778,0.11338095238095239,0.18462745098039215,0.1645128205128205
58,0.5005555555555556,0.5363095238095239,0.8916944444444445,0.9625416666666667,0.9026333333333334,0.8729655172413792,0.8444047619047619,0.7278787878787878,0.6936458333333333,0.6539122807017544,0.6461764705882354,0.9439696969696969,0.8364047619047619,0.7951481481481482,0.7121190476190475,0.7059791666666667,0.5155925925925925,0.505079365079365,0.5155925925925925,0.505079365079365,0.6449019607843138,0.8158205128205128
59,0.09806666666666668,0.10507142857142858,0.25,0.125,0.1,0.27211494252873564,0.7008333333333332,0,0.44375,0.3736842105263158,0.21715686274509804,0.7688181818181817,0.6040714285714285,0.668148148148148,0.47892857142857137,0.41906249999999995,0.16892592592592592,0.14479365079365078,0.16892592592592592,0.14479365079365078,0.2885490196078431,0.5394871794871794
60,0.20782222222222224,0.22266666666666668,0.5,0.5,0.4678,0.5148045977011494,0.8338809523809524,0.36363636363636365,0.5703958333333332,0.516017543859649,0.5010392156862745,0.8181818181818182,0.6912857142857143,0.7908148148148149,0.7180238095238095,0.6706458333333333,0.21792592592592594,0.2190793650793651,0.21792592592592594,0.2190793650793651,0.3813137254901961,0.7461538461538462
61,0.5624888888888889,0.6026666666666667,0.18863888888888888,0.13433333333333333,0.3053333333333333,0.5159540229885058,0.5056428571428572,0.29000000000000004,0.41820833333333335,0.45631578947368423,0.5855294117647059,0.6415151515151515,0.6453809523809524,0.5983703703703703,0.6231666666666668,0.6689375000000001,0.6235740740740741,0.6287142857142858,0.6235740740740741,0.6287142857142858,0.6241568627450981,0.6354871794871795
62,0.5947777777777777,0.6372619047619047,0.7772777777777777,0.75,0.8,0.7354252873563217,1,0.771,0.7939791666666667,0.8265087719298246,0.5882352941176471,0.9090909090909091,0.9285714285714286,0.9912962962962962,0.7857142857142857,0.8125,0.6666666666666666,0.7142857142857143,0.6666666666666666,0.7142857142857143,0.8777450980392156,0.7692307692307693
63,0.3971111111111111,0.42547619047619045,0.2503333333333333,0.26516666666666666,0.21213333333333334,0.27893103448275863,0.2738333333333333,0.28681818181818186,0.15395833333333334,0.12964912280701754,0.30339215686274507,0.24512121212121213,0.1925952380952381,0.37851851851851853,0.3445714285714286,0.3015,0.1342962962962963,0.11511111111111111,0.1342962962962963,0.11511111111111111,0.217078431372549,0.35374358974358977
64,0.6505333333333334,0.6970000000000001,0.7598611111111111,0.7327916666666667,0.5953666666666667,0.770712643678161,0.9798095238095238,0.689969696969697,0.8727916666666666,0.7397894736842106,0.7521764705882353,0.8469393939393938,0.6719761904761904,0.8759259259259259,0.8405952380952382,0.7412291666666667,0.6187037037037036,0.5346666666666666,0.6187037037037036,0.5346666666666666,0.7828627450980392,0.9633589743589743
65,0.6215333333333334,0.6659285714285714,0.8933888888888889,0.9624583333333334,0.8385333333333334,0.7680919540229884,0.8742619047619049,0.7291818181818182,0.6707083333333334,0.6008947368421053,0.6970000000000001,0.7703636363636364,0.6542619047619048,0.8724814814814814,0.7848571428571428,0.7296041666666666,0.41388888888888886,0.3874126984126984,0.41388888888888886,0.3874126984126984,0.7369411764705883,0.8222564102564103
