"recorded_date","participant_accepts","years_experience","job_title","organisation_sector","organisation_sector_other","organisation_size","expertise_comb_risk_management_governance","expertise_comb_social_organisation_strategy_and_process","expertise_comb_cyber_security_law_regulation","expertise_comb_political_aspects_of_cyber_security","expertise_comb_human_factors_and_usable_security","expertise_comb_security_culture_narrative_and_communication","expertise_comb_privacy_online_rights","expertise_comb_data_science_ai_for_cyber_security","expertise_comb_malware_attack_technologies","expertise_comb_adversarial_behaviours","expertise_comb_security_operations_incident_management","expertise_comb_forensics","expertise_comb_cryptography","expertise_comb_operating_systems_virtualisation_security","expertise_comb_distributed_systems_security","expertise_comb_formal_methods_for_security","expertise_comb_authentication_authorisation_accountability","expertise_comb_software_security","expertise_comb_web_mobile_security","expertise_comb_secure_software_lifecycle","expertise_comb_network_security","expertise_comb_cloud_security","expertise_comb_applied_cryptography","expertise_comb_hardware_security","expertise_comb_cyber_physical_systems","expertise_comb_physical_layer_and_telecommunications_security","scenario_name","scenario_role","scenario_description","scenario_job_title","scenario_organisation_size","scenario_organisation_sector","scenario_organisation_sector_other","scenario_expertise_portfolio_risk_management_governance","scenario_expertise_portfolio_social_organisation_strategy_and_process","scenario_expertise_portfolio_cyber_security_law_regulation","scenario_expertise_portfolio_political_aspects_of_cyber_security","scenario_expertise_portfolio_human_factors_and_usable_security","scenario_expertise_portfolio_security_culture_narrative_and_communication","scenario_expertise_portfolio_privacy_online_rights","scenario_expertise_portfolio_data_science_ai_for_cyber_security","scenario_expertise_portfolio_malware_attack_technologies","scenario_expertise_portfolio_adversarial_behaviours","scenario_expertise_portfolio_security_operations_incident_management","scenario_expertise_portfolio_forensics","scenario_expertise_portfolio_cryptography","scenario_expertise_portfolio_operating_systems_virtualisation_security","scenario_expertise_portfolio_distributed_systems_security","scenario_expertise_portfolio_formal_methods_for_security","scenario_expertise_portfolio_authentication_authorisation_accountability","scenario_expertise_portfolio_software_security","scenario_expertise_portfolio_web_mobile_security","scenario_expertise_portfolio_secure_software_lifecycle","scenario_expertise_portfolio_network_security","scenario_expertise_portfolio_cloud_security","scenario_expertise_portfolio_applied_cryptography","scenario_expertise_portfolio_hardware_security","scenario_expertise_portfolio_cyber_physical_systems","scenario_expertise_portfolio_physical_layer_and_telecommunications_security","more_scenarios","scenario_name_1","scenario_role_1","scenario_description_1","scenario_job_title_1","scenario_organisation_size_1","scenario_organisation_sector_1","scenario_organisation_sector_other_1","scenario_expertise_portfolio_risk_management_governance_1","scenario_expertise_portfolio_social_organisation_strategy_and_process_1","scenario_expertise_portfolio_cyber_security_law_regulation_1","scenario_expertise_portfolio_political_aspects_of_cyber_security_1","scenario_expertise_portfolio_human_factors_and_usable_security_1","scenario_expertise_portfolio_security_culture_narrative_and_communication_1","scenario_expertise_portfolio_privacy_online_rights_1","scenario_expertise_portfolio_data_science_ai_for_cyber_security_1","scenario_expertise_portfolio_malware_attack_technologies_1","scenario_expertise_portfolio_adversarial_behaviours_1","scenario_expertise_portfolio_security_operations_incident_management_1","scenario_expertise_portfolio_forensics_1","scenario_expertise_portfolio_cryptography_1","scenario_expertise_portfolio_operating_systems_virtualisation_security_1","scenario_expertise_portfolio_distributed_systems_security_1","scenario_expertise_portfolio_formal_methods_for_security_1","scenario_expertise_portfolio_authentication_authorisation_accountability_1","scenario_expertise_portfolio_software_security_1","scenario_expertise_portfolio_web_mobile_security_1","scenario_expertise_portfolio_secure_software_lifecycle_1","scenario_expertise_portfolio_network_security_1","scenario_expertise_portfolio_cloud_security_1","scenario_expertise_portfolio_applied_cryptography_1","scenario_expertise_portfolio_hardware_security_1","scenario_expertise_portfolio_cyber_physical_systems_1","scenario_expertise_portfolio_physical_layer_and_telecommunications_security_1","more_scenarios_1","age","disabilities","uk_ethnic_origin","gender","sexual_orientation","transgender"
"12/09/2024 11:28","Yes","10","Principal Analyst","finance and insurance",NA,"Large (250 employees or more)","0","0","0","0","100","0","23.87","23.73","100","100","50.89","51.17","0","13.72","0","0","0","22.77","0","24.01","23.32","0","0","0","0","0","Security Incident","Current role","Investigating a CNO.","Principal Analyst","Large (250 employees or more)","finance and insurance",NA,"0","0","0","0","0","0","0","0","100","100","0","50.21","0","0","0","0","0","0","0","0","0","0","0","0","0","0","No. Take me to the next page of the survey (there are just 2 pages left!)","0","0","0","0","0","0","0","0","0","0","0","0","0","0","0","0","0","0","0","0","0","0","0","0","0","0","0","0","0","0","0","0","0",NA,"40-49","No, I do not have a disability, or a history/record of having one","Asian (Indian, Pakistani, Bangladeshi, Chinese, any other Asian background)","Male","Yes","No"
"12/09/2024 11:30","Yes","7","Technical Lead for Regulation","professional, scientific, and technical",NA,"Large (250 employees or more)","96.3","26.61","84.09","67.35","8.09","32.78","47.74","36.49","19.62","12.07","31.28","15.5","3.43","13.85","20.03","25.65","53.36","13.72","10.7","38.27","73.53","24.42","4.39","9.33","76.54","50.34","Framing cyber in a different regulatory context","Previous role","Different regulators considering cybersecurity impact from other regulatory perspective, how to integrate","N/A","Large (250 employees or more)","professional, scientific, and technical","0","99.04","4.66","95.61","22.22","72.98","77.37","27.85","38.41","9.74","8.23","58.57","8.92","7.96","14.81","39.37","6.17","40.6","27.02","15.09","39.92","65.02","13.72","5.9","66.39","97.26","50.34","No. Take me to the next page of the survey (there are just 2 pages left!)","0","0","0","0","0","0","0","0","0","0","0","0","0","0","0","0","0","0","0","0","0","0","0","0","0","0","0","0","0","0","0","0","0",NA,"50-59","I prefer not to answer","White","I prefer not to answer","I prefer not to answer","I prefer not to answer"
"12/09/2024 11:35","Yes","37","director","information and communications",NA,"Small (10 to 49 employees)","93.67","96.84","4.43","4.43","100","96.2","4.43","97.47","97.47","99.37","100","49.68","100","4.43","92.09","4.43","4.43","95.89","99.68","97.78","90.51","71.2","4.43","99.05","100","100","massive malware attacks","Current role","Global mass use of malware as a service platforms that have hugely proliferated over the last three years.","director","Small (10 to 49 employees)","information and communications",NA,"100","100","100","100","100","100","100","100","100","100","100","100","98.1","100","100","100","100","100","100","100","100","100","100","100","100","100","No. Take me to the next page of the survey (there are just 2 pages left!)","0","0","0","0","0","0","0","0","0","0","0","0","0","0","0","0","0","0","0","0","0","0","0","0","0","0","0","0","0","0","0","0","0",NA,"50-59","No, I do not have a disability, or a history/record of having one","White","Male","No","No"
"12/09/2024 11:36","Yes","8","Principal Industrial Security Consultant ","entertainment, service, and membership organisations",NA,"Large (250 employees or more)","66.18","11.27","43.64","29.19","65.03","78.32","16.47","15.61","71.1","72.54","78.9","50.58","37.86","65.61","65.61","53.76","56.07","28.03","26.3","31.79","91.04","37.28","8.96","27.46","100","87.57","Security Culture ","Current role","Non cyber engineers were not brought into cyber and some were blocking many initiatives ","Principal Industrial Security Consultant ","Large (250 employees or more)","entertainment, service, and membership organisations",NA,"53.76","7.23","52.89","36.13","100","88.73","1.45","1.16","34.97","52.31","69.36","59.83","2.02","50.58","54.62","37.57","50.58","37.57","1.73","2.02","35.26","0","0","57.8","100","55.49","No. Take me to the next page of the survey (there are just 2 pages left!)","0","0","0","0","0","0","0","0","0","0","0","0","0","0","0","0","0","0","0","0","0","0","0","0","0","0","0","0","0","0","0","0","0",NA,"30-39","Yes, I have a mental disability or neurodiversity, or have a history/record of having one","White","Non binary","Yes","Yes"
"12/09/2024 11:37","Yes","8","Director of Engineering and Cyber Security","transport and storage",NA,"Large (250 employees or more)","83.24","68.21","35.55","12.72","17.63","47.98","41.91","9.25","15.9","6.07","54.91","10.12","2.6","13.58","8.09","15.9","46.24","26.88","11.85","43.93","11.56","23.7","7.8","10.98","10.98","9.25","Making a Executive Board care / invest in cyber security ","Current role","Used a scoring method - NIST as my board understood KPIs and the numbers spoke louder than words. Also used an external organisation to do it.","Director of Engineering and Cyber Security","Large (250 employees or more)","transport and storage",NA,"96.24","86.71","82.95","0","0","100","0","0","0","0","0","0","0","0","0","0","0","0","0","0","0","0","0","0","0","0","No. Take me to the next page of the survey (there are just 2 pages left!)","0","0","0","0","0","0","0","0","0","0","0","0","0","0","0","0","0","0","0","0","0","0","0","0","0","0","0","0","0","0","0","0","0",NA,"30-39","No, I do not have a disability, or a history/record of having one","Asian (Indian, Pakistani, Bangladeshi, Chinese, any other Asian background)","Female","No","No"
"12/09/2024 11:40","Yes","14","Head of UK Cyber Threat Intelligence","information and communications",NA,"Large (250 employees or more)","40.6","33.74","37.45","42.52","6.31","5.62","7.41","8.09","40.47","5.76","52.67","48.97","9.74","52.67","5.21","49.52","50.07","8.09","54.6","6.45","64.47","38.13","5.08","7.27","4.8","50.07","Attack Surface Management","Previous role","Huge Internet attack surface, largely unknown or undocumented address space.  Large technology debt, including end-of-life operating systems and multiple critical vulnerabilities.","Head of EASM","Large (250 employees or more)","information and communications","0","92.32","0","0","0","0","94.65","0","0","0","0","0","0","23.18","92.18","0","0","79.42","60.77","100","0","60.91","64.88","0","0","0","0","No. Take me to the next page of the survey (there are just 2 pages left!)","0","0","0","0","0","0","0","0","0","0","0","0","0","0","0","0","0","0","0","0","0","0","0","0","0","0","0","0","0","0","0","0","0",NA,"50-59","No, I do not have a disability, or a history/record of having one","White","Male","No","No"
"13/09/2024 09:45","Yes","20","Cyber Security Solutions and Services Consultant","utilities and production (including manufacturing)",NA,"Large (250 employees or more)","46.5","10.56","73.39","12.76","14.68","27.85","11.39","41.7","15.91","10.97","40.05","10.43","83.26","11.52","80.11","73.25","60.63","17.83","11.39","12.07","72.02","43.76","83.95","91.08","79.15","7.68","Protecting Legacy equipment against emerging AI/PQC Threat","Current role","How to isolate legacy equipment which has 5-10 yrs operational use. But is not possible to support or patch against CNI threats.","Cyber Security Solutions and Services Consultant","Large (250 employees or more)","utilities and production (including manufacturing)",NA,"4.12","2.88","3.16","4.8","4.39","4.66","3.7","1.37","37.86","70.51","3.02","4.39","94.51","55.69","85.6","3.84","87.52","2.47","1.37","5.62","92.18","8.5","87.11","99.04","61.18","8.64","No. Take me to the next page of the survey (there are just 2 pages left!)","0","0","0","0","0","0","0","0","0","0","0","0","0","0","0","0","0","0","0","0","0","0","0","0","0","0","0","0","0","0","0","0","0",NA,"60 and over","No, I do not have a disability, or a history/record of having one","Mixed two or more ethnic groups","Male","No","No"
"13/09/2024 13:10","Yes","29","Head of Ethics and Sustainability Consulting","information and communications",NA,"Large (250 employees or more)","100","40.88","45.4","48.29","24.14","70.51","100","31.96","0.69","0.82","1.78","1.78","18.24","1.51","2.06","2.33","1.1","1.51","1.51","1.92","1.51","1.37","1.37","1.92","5.9","1.65","Researching ethics of cybersecurity","Previous role","Researching how to go about understanding ethics of cybersecurity","Ass. Professor","Large (250 employees or more)","education","0","65.57","92.73","89.57","34.84","100","95.47","100","21.95","10.43","0","53.64","0","1.37","0","0","0","0","18.38","19.75","0","48.56","0","0","0","0","0","No. Take me to the next page of the survey (there are just 2 pages left!)","0","0","0","0","0","0","0","0","0","0","0","0","0","0","0","0","0","0","0","0","0","0","0","0","0","0","0","0","0","0","0","0","0",NA,"50-59","Yes, I have a mental disability or neurodiversity, or have a history/record of having one","White","Male","No","No"
"13/09/2024 14:30","Yes","3","Senior Cosultant","professional, scientific, and technical",NA,"Large (250 employees or more)","87.11","64.33","87.24","76.27","63.1","13.17","60.63","17.83","13.85","19.2","41.15","20.85","93.55","7","19.2","20.99","12.62","12.89","16.46","33.2","62","20.16","93.42","16.05","12.21","11.39","In a public sector organization different stakeholders require different actions. Furthermore, different regimes with regards to information handling are in place and they do not always coincide. The challenge was to bring the different stakeholders in line with the different regulatory requirements and make the right design choices to divide the problem over different organizations and departments.","Current role","After allot of hassling and people refusing to work together, we organized working sessions that started from the ground up. What are our shared goals and values? How do we place these values against the regulatory requirements? What is it we all find important or not important at all? After creating this common ground we took a deep dive into the most contentious problems where we leveraged domain knowledge on the specific problem and knowledge about the organization to create the required buy-in from all parties.","Senior Cosultant","Large (250 employees or more)","professional, scientific, and technical",NA,"85.6","100","82.03","91.91","50.89","61.87","61.32","2.06","19.2","58.02","47.19","1.65","45.54","5.76","1.23","2.47","34.57","2.33","5.35","4.12","50.21","5.49","46.23","6.31","5.62","5.9","No. Take me to the next page of the survey (there are just 2 pages left!)","0","0","0","0","0","0","0","0","0","0","0","0","0","0","0","0","0","0","0","0","0","0","0","0","0","0","0","0","0","0","0","0","0",NA,"26-29","No, I do not have a disability, or a history/record of having one","White","Male","No","No"
"16/09/2024 15:26","Yes","10","Global OT Governance & Compliance Supervisor","Other (please state)","oil & gas","Large (250 employees or more)","77.37","53.22","53.77","12.89","9.33","21.67","4.53","6.17","25.65","9.74","35.25","16.19","5.08","47.6","18.93","2.74","25.79","10.97","22.22","22.63","50.48","12.48","4.25","13.99","100","21.54","Major accident risk assessment from cyber causes","Current role","Regulation requires risk assessment of major accident scenarios from cyber causes","Global OT Governance & Compliance Supervisor","Large (250 employees or more)","Other (please state)","oil & gas","95.61","23.59","88.89","2.61","3.7","37.86","3.84","7.13","43.07","45.27","25.79","3.84","7.13","41.56","28.26","4.53","45.68","26.89","3.29","4.12","64.2","2.88","12.35","37.45","99.86","45.13","No. Take me to the next page of the survey (there are just 2 pages left!)","0","0","0","0","0","0","0","0","0","0","0","0","0","0","0","0","0","0","0","0","0","0","0","0","0","0","0","0","0","0","0","0","0",NA,"40-49","No, I do not have a disability, or a history/record of having one","White","Male","No","No"
"17/09/2024 11:43","Yes","1","Compliance Manager ","utilities and production (including manufacturing)",NA,"Large (250 employees or more)","67.76","99.73","9.19","45.13","4.25","2.74","4.12","7.13","3.43","4.12","3.57","3.02","3.7","2.47","4.8","2.74","2.74","3.84","3.43","2.61","12.35","2.88","3.29","3.43","3.98","2.47","audit ","Current role","a number of cyber professionals coming together to deliver the same end goal with different approaches and technology","Compliance Manager ","Large (250 employees or more)","utilities and production (including manufacturing)",NA,"100","18.24","47.33","3.7","3.57","2.33","6.31","2.47","87.65","2.47","65.84","88.2","91.77","78.6","88.07","72.57","95.06","57.48","15.78","8.5","95.34","86.56","93.55","9.74","98.49","27.02","No. Take me to the next page of the survey (there are just 2 pages left!)","0","0","0","0","0","0","0","0","0","0","0","0","0","0","0","0","0","0","0","0","0","0","0","0","0","0","0","0","0","0","0","0","0",NA,"40-49","No, I do not have a disability, or a history/record of having one","White","Female","No","No"
"17/09/2024 13:09","Yes","20","Information security manager","Other (please state)","Energy and environment, public sector","Large (250 employees or more)","34.84","38.13","50.89","38.27","46.23","47.33","48.83","4.8","24.69","30.86","100","27.43","15.91","55.56","18.24","8.5","44.86","17.01","20.3","8.78","43.9","33.33","2.88","26.06","23.32","41.7","Achieving compliance on a noncompliant network","Previous role","PCI DSS is highly prescriptive and near-impossible to achieve on infrastructure used for other purposes. The university for which I worked provided ICT services to the public theatre it owned - the theatre's points of sale were on the university network but we risked charges from our acquiring bank if we failed to make the theatre compliant.","IT governance and sustainability","Large (250 employees or more)","education","0","67.63","2.47","39.92","0.96","22.5","14.13","11.8","2.47","1.37","4.66","17.7","0","5.21","13.72","0.82","41.02","7.82","7.82","3.02","3.84","31.14","5.21","2.88","1.51","0.55","30.86","No. Take me to the next page of the survey (there are just 2 pages left!)","0","0","0","0","0","0","0","0","0","0","0","0","0","0","0","0","0","0","0","0","0","0","0","0","0","0","0","0","0","0","0","0","0",NA,"60 and over","No, I do not have a disability, or a history/record of having one","White","Male","No","No"
"17/09/2024 16:39","Yes","27","Senior Manager Cyber Defence","utilities and production (including manufacturing)",NA,"Large (250 employees or more)","53.44","17.91","52.62","79.92","53.31","81.56","53.17","16.68","79.37","100","100","18.05","40.55","53.31","40.27","40.41","79.92","15.17","37.67","19.29","80.6","69.49","19.7","2.96","36.02","19.01","Detailed investigation during an incident","Current role","To bring a mixed team together to investigate a typical cyber security incident","Senior Manager Cyber Defence","Large (250 employees or more)","utilities and production (including manufacturing)",NA,"46.04","100","100","19.42","99.4","98.98","100","1.87","98.98","99.12","99.67","53.44","2.83","100","99.81","51.8","99.4","46.04","100","41.1","99.53","99.4","8.18","3.79","2.41","48.78","No. Take me to the next page of the survey (there are just 2 pages left!)","0","0","0","0","0","0","0","0","0","0","0","0","0","0","0","0","0","0","0","0","0","0","0","0","0","0","0","0","0","0","0","0","0",NA,"50-59","No, I do not have a disability, or a history/record of having one","White","Male","No","No"
"18/09/2024 15:25","Yes","23","Tech Director","professional, scientific, and technical",NA,"Medium (50 to 249 employees)","89.85","65.02","65.71","64.61","71.47","70.23","32.78","0","34.57","45.54","20.03","21.4","0","8.5","37.72","65.29","30.73","22.63","33.33","0","33.06","49.93","0","11.52","64.33","0","cyber security exercise","Previous role","Run a real time, full spectrum cyber security exercise. ","Cyber Operations Lead","Large (250 employees or more)","Other (please state)","Critical National Infrastructure","85.19","41.98","74.07","87.38","59.53","36.35","0","0","76.27","76.68","94.51","5.08","0","54.05","48.29","43.35","47.6","24.69","75.99","0","93.42","11.11","0","65.02","55.56","24.28","No. Take me to the next page of the survey (there are just 2 pages left!)","0","0","0","0","0","0","0","0","0","0","0","0","0","0","0","0","0","0","0","0","0","0","0","0","0","0","0","0","0","0","0","0","0",NA,"60 and over","No, I do not have a disability, or a history/record of having one","White","Male","No","No"
"20/09/2024 16:23","Yes","1","Cyber Threat Intelligence Lead ","utilities and production (including manufacturing)",NA,"Large (250 employees or more)","14.68","54.05","5.49","82.03","77.78","70.37","2.88","3.43","84.22","86.15","34.71","0","2.47","7.41","4.39","53.91","41.43","2.06","2.61","2.61","6.45","19.07","4.8","7.27","1.92","4.53","Lack of support from peers ","Current role","Intelligence was not accepted by a peer to support an incident. Found it difficult to relate to this decision, professionally. The support to rectify the standard required from the peer was lacking. Making an incident even more stressful for those involved when it did not need to be.     ","Cyber Threat Intelligence Lead ","Large (250 employees or more)","utilities and production (including manufacturing)",NA,"47.46","91.63","43.07","91.77","7.41","93.42","4.12","4.66","43.9","91.22","93.96","45.68","13.17","14.13","9.74","60.91","90.12","59.4","61.45","41.02","12.07","3.02","8.78","10.15","40.19","38.68","No. Take me to the next page of the survey (there are just 2 pages left!)","0","0","0","0","0","0","0","0","0","0","0","0","0","0","0","0","0","0","0","0","0","0","0","0","0","0","0","0","0","0","0","0","0",NA,"I prefer not to answer","I prefer not to answer","Mixed two or more ethnic groups","I prefer not to answer","No","No"
"21/09/2024 13:21","Yes","3","Cybersecurity manager ","utilities and production (including manufacturing)",NA,"Large (250 employees or more)","39.83","67.62","8.02","32.95","68.19","46.42","5.73","0","66.48","20.06","85.96","47.28","6.59","27.51","38.97","47.85","16.33","9.46","45.85","7.16","87.68","24.07","0","84.81","26.07","42.98","Redesign of cybersecurity detection process and configuration","Current role","After coming into my current job I assessed the current state of the out of the box detection and response solutions and found them to be inadequate (backed up by red team assessment). I am now in the current process of identifying changes and there urgencies.","Cybersecurity manager ","Large (250 employees or more)","utilities and production (including manufacturing)",NA,"25.79","0","0","20.92","0","17.48","0","0","52.15","0","94.84","22.35","0","0","19.77","0","0","0","0","0","81.38","51.29","0","40.97","0","0","No. Take me to the next page of the survey (there are just 2 pages left!)","0","0","0","0","0","0","0","0","0","0","0","0","0","0","0","0","0","0","0","0","0","0","0","0","0","0","0","0","0","0","0","0","0",NA,"20-25","No, I do not have a disability, or a history/record of having one","White","Male","Yes","No"
"23/09/2024 10:04","Yes","6","Principal - Security","Other (please state)","Public sector","Large (250 employees or more)","49.25","81.48","79.56","90.12","85.32","100","76.41","0","4.25","3.98","0","0","11.93","0.96","0","0","20.71","0","0","1.51","1.51","0","0","4.94","24.69","3.84","Cyber security market research","Previous role","Organisation (central government) commissioned market research to better understand 
a) Cyber security sector (number of companies, turnover, services offered etc.) 
b) Cyber security labour market (skills gaps and shortages) ","Head of Cyber Advocacy","Large (250 employees or more)","Other (please state)","Government","0","79.01","11.8","81.07","0","66.53","0","0","0","0","0","0","0","0","0","0","0","0","0","0","0","0","0","0","0","0","Yes, let me answer again for another problem.","Advice on E2EE","Current role","Providing technical advice to non-technical colleagues about End to End Encryption","Principal - Security","Large (250 employees or more)","Other (please state)","Public sector","47.74","48.56","61.18","49.11","48.97","31.69","54.05","0","0","0","0","0","41.43","0","0","0","0","0","0","0","34.16","0","98.35","0","0","0","No. Take me to the next page of the survey (there are just 2 pages left!)","30-39","No, I do not have a disability, or a history/record of having one","White","Male","No","No"
"24/09/2024 06:39","Yes","37","Head of a government cyber training organisation","Other (please state)","Government","Large (250 employees or more)","72.98","85.46","75.17","84.77","28.4","75.45","7.41","3.84","52.81","67.08","46.23","5.21","40.6","23.73","24.28","32.37","21.4","19.75","22.5","11.39","42.11","21.81","7.68","41.84","62.28","46.5","Educating military leaders on cyber risk","Current role","In the context of masters-level education within Defence Studies, I am responsible for educating middle-ranking and senior officers on the importance of cybersecurity risk to their operational roles. Interventions include lectures and use of war gaming","Head of a government cyber training organisation","Large (250 employees or more)","Other (please state)","Government","64.06","65.29","57.48","56.79","66.26","67.08","4.39","0","7.82","56.79","23.32","14.13","3.02","0","0","27.02","5.08","3.02","27.98","5.49","52.95","0","0","22.36","25.24","6.04","No. Take me to the next page of the survey (there are just 2 pages left!)","0","0","0","0","0","0","0","0","0","0","0","0","0","0","0","0","0","0","0","0","0","0","0","0","0","0","0","0","0","0","0","0","0",NA,"50-59","No, I do not have a disability, or a history/record of having one","White","Male","No","No"
"24/09/2024 10:31","Yes","30","visiting senior research fellow in cyber security","professional, scientific, and technical",NA,"Small (10 to 49 employees)","0","0","13.72","19.75","0","0","0","0","0","0","0","54.32","0","0","0","0","0","0","0","0","0","0","0","0","0","0","Hong Kong police cold case cybercrime analysis","Previous role","retrospective analysis of digital forensic evidence of a cold case to extract a quantitative estimate of and uncertainty bounds on the probability of a successful prosecution.","Associate Professor (Senior Lecturer) in cyber security","Small (10 to 49 employees)","professional, scientific, and technical","0","0","0","17.97","0","0","0","0","0","0","0","0","60.36","0","17.97","0","0","0","0","0","0","0","0","0","0","0","0","No. Take me to the next page of the survey (there are just 2 pages left!)","0","0","0","0","0","0","0","0","0","0","0","0","0","0","0","0","0","0","0","0","0","0","0","0","0","0","0","0","0","0","0","0","0",NA,"60 and over","No, I do not have a disability, or a history/record of having one",NA,"Male","No","No"
"24/09/2024 12:57","Yes","22","Cyber Consultancy Owner and Consultant","professional, scientific, and technical",NA,"Micro (1 to 9 employees)","71.88","79.42","43.35","61.45","75.31","83.4","55.97","10.43","37.31","30.45","100","7.96","7.82","33.74","24.69","37.59","53.91","30.86","39.78","46.64","55.42","54.87","3.84","15.78","66.67","17.15","Promoting cyber awareness to the wider business","Current role","6.	At [company] we had a CyPOC (Cyber Point of Contact) program that looked to promote cybersecurity within their part of the organisation. It hadn’t been a success, and when I suggested we rebrand and relaunch it, it was met by a lack of interest in many quarters. I persevered and argued that we needed to make it personal for it to succeed. I referenced how, when I was in the military, I was the qualified first aider in the team. There was an opportunity for others to get trained up, but there were no volunteers. Their reasoning was that they didn’t want the responsibility if someone keeled over, or they didn’t like blood/vomit, or they might get promoted if I collapsed and died (I’ve always hoped that last one was a joke). I countered that if, in a few months’ time, their parent collapsed and stopped breathing, or their child began choking on something, or their partner had an accident at home, how would they feel, standing there, knowing that they could have received free training that would have put them in a better position to help? This resulted in several of them applying for the first aid course. So, my philosophy for cybersecurity awareness is that you must make it personal. People aren’t that bothered about the business, but if you say that you will teach them skills that will make them and their family more secure online, and it’s free, they are more likely to commit. They become more cyber aware and that enhances the cyber maturity within their team. I managed to get a few interested colleagues onboard, and the CISO signed it off. 
About the same time, a member of [company] had been the victim of a cyberattack at home. This resulted in all the family accounts online being compromised (banks, insurance, gaming platforms, NHS, social media, streaming services, etc.). They didn’t know where to turn, so he turned to his line manager, who turned to the CISO, who turned to me. We helped give him some advice and pointed him to some agencies that could help him, including the police. He was an emotional wreck and had even had the hacker phone him at home to demand £500! So now we had evidence that ransomware attacks could happen to the individual. That it’s not just a business thing. He eventually got his life back with the help of a detective sergeant who spent time with him and his family in their home to get his accounts sorted and hardened.  I asked if he was willing to share his very personal story at our Cyber Awareness month, and he was enthusiastic to do so. He ran a session with the Det Sgt, him explaining the personal trauma, while she promoted how to best keep you and your family safe online. We promoted it and it was the most watched event that year. It was recorded, and word of mouth meant it continued being viewed weeks later. It also resulted in a significant uptick in applications to our newly revamped “cyber champions” program. So, making it personal is proven to have more impact than suggesting individuals would want to protect the business.
","Cyber Consultancy Owner and Consultant","Micro (1 to 9 employees)","professional, scientific, and technical",NA,"0","49.93","0","0","100","100","40.6","0","0","25.1","24.83","0","0","0","0","0","0","0","45.27","0","0","0","0","0","0","0","Yes, let me answer again for another problem.","Incident Response is a business requirement, not just for the IT/Cyber team(s)","Current role","Often people think that cyber maturity, resilience, and response is just for the cyber or IT teams to do. Promoting that it there are multiple groups that will be affected and impacted by a successful compromise and making them aware and appreciate their role to play and to consider what their individual playbook would look like is a difficult but important task to achieve. Evidence based metrics to promote the risk and then cyber resilience exercises involving key stakeholders that then promote wider engagement down the line is a necessary tool to have in your armour. ","Cyber Consultancy Owner and Consultant","Micro (1 to 9 employees)","professional, scientific, and technical",NA,"81.48","100","59.53","75.17","84.22","100","52.26","34.02","60.08","73.53","81.07","20.44","18.93","26.47","29.08","29.49","38.41","43.9","43.48","48.29","43.62","34.29","13.58","38.27","39.78","17.15","No. Take me to the next page of the survey (there are just 2 pages left!)","50-59","No, I do not have a disability, or a history/record of having one","White","Male","No","No"
"24/09/2024 13:12","Yes","5","Head of IT","transport and storage",NA,"Medium (50 to 249 employees)","98.22","84.22","41.7","71.6","98.77","98.63","54.05","13.58","13.58","45.4","88.07","2.19","4.8","13.72","4.66","8.5","31","55.69","10.7","65.02","23.46","15.64","5.62","25.79","27.98","3.43","Internal Cyber Forum","Current role","OT Cyber lags IT - so cyber seen as an IT problem even in an industry with OT considerations (""cos everything's air-gapped innit"").  OT colleagues needed to be introduced to the risks of assuming there was nothing for them to be worried about from cyber.  I created an internal cyber forum involving members from all disciplines - IT/OT but also legal, procurement and standards.  This has led to a slow but steady improvement of understanding and engagement with cyber risk across the organisation, up to board level.","Head of IT","Medium (50 to 249 employees)","transport and storage",NA,"97.26","93.55","65.71","67.22","94.51","95.47","56.65","8.37","51.99","54.46","85.73","5.62","5.62","49.11","12.21","6.17","35.39","36.21","54.05","43.62","53.77","59.26","10.97","57.48","6.31","54.05","No. Take me to the next page of the survey (there are just 2 pages left!)","0","0","0","0","0","0","0","0","0","0","0","0","0","0","0","0","0","0","0","0","0","0","0","0","0","0","0","0","0","0","0","0","0",NA,"50-59","No, I do not have a disability, or a history/record of having one","White","Male","No","No"
"24/09/2024 13:23","Yes","8","OT Director","information and communications",NA,"Medium (50 to 249 employees)","59.59","29.27","68.91","71.76","27.72","29.53","41.97","46.11","29.02","42.23","68.65","30.57","23.83","18.91","69.69","30.83","60.88","68.39","36.27","91.71","87.82","52.85","31.87","14.51","100","30.83","Developing cyber security software","Previous role","Perform the full software system lifecycle for a solution to solve cyber issues","CTO","Micro (1 to 9 employees)","information and communications","0","5.18","5.96","16.32","4.4","5.7","4.92","23.58","4.4","2.07","5.7","54.4","18.65","26.42","6.48","5.7","4.4","49.22","100","67.88","100","96.89","76.68","31.87","27.72","83.42","2.07","No. Take me to the next page of the survey (there are just 2 pages left!)","0","0","0","0","0","0","0","0","0","0","0","0","0","0","0","0","0","0","0","0","0","0","0","0","0","0","0","0","0","0","0","0","0",NA,"30-39","No, I do not have a disability, or a history/record of having one","White","Male","Yes","No"
"24/09/2024 14:05","Yes","15","CISO","construction",NA,"Large (250 employees or more)","98.9","89.3","89.44","23.73","33.61","89.3","42.39","3.98","27.98","34.43","76.95","5.76","6.72","25.51","5.49","83.4","67.08","52.67","60.63","76.13","53.64","70.37","6.31","5.62","5.08","27.85","Identity and Access Management Rollout","Current role","We have attempted and still trying to rollout an identity governance solution. This was not wanted by IT. The benefits were mainly security, but there were benefits to automation as well, improving accuracy and freeing up time for Service Desk personnel to do other work. The solution was not embraced by Service Desk and Management, it was very much trying to sell something that no one wanted. We are still implementing this 2 years later.","CISO","Large (250 employees or more)","construction",NA,"32.24","93.69","2.33","3.7","4.39","2.47","2.47","2.47","3.29","1.92","2.19","3.29","2.47","2.74","3.57","2.88","38.27","2.33","2.61","2.88","2.06","3.16","2.33","1.92","2.47","3.02","No. Take me to the next page of the survey (there are just 2 pages left!)","0","0","0","0","0","0","0","0","0","0","0","0","0","0","0","0","0","0","0","0","0","0","0","0","0","0","0","0","0","0","0","0","0",NA,"40-49","No, I do not have a disability, or a history/record of having one","White","Female","No","No"
"24/09/2024 15:00","Yes","5","Cyber Security Consultant","information and communications",NA,"Small (10 to 49 employees)","41.78","88.97","67.98","86.5","86.64","96.65","90.34","12.02","85.27","91.99","75.67","58.38","3.24","29.99","28.89","50.01","47.82","25.32","41.51","12.43","42.33","29.99","5.16","29.99","47","18.33","Client Ransomware Incident","Current role","Client was hit with ransomware, which required our response team to conduct forensics, threat actor negotiation to delay data release, technical and non technical mitigations, communications with staff & media, & interaction with regulatory bodies & sanctions bodies in case client decide to pay","Cyber Security Consultant","Small (10 to 49 employees)","information and communications",NA,"77.31","57.01","92.26","93.09","52.48","100","7.63","3.1","91.99","100","93.22","93.09","3.37","4.47","4.75","4.75","55.91","21.76","5.43","3.1","71.28","6.26","3.1","37.12","15.86","7.49","No. Take me to the next page of the survey (there are just 2 pages left!)","0","0","0","0","0","0","0","0","0","0","0","0","0","0","0","0","0","0","0","0","0","0","0","0","0","0","0","0","0","0","0","0","0",NA,"20-25","No, I do not have a disability, or a history/record of having one","White","Male","Yes","No"
"24/09/2024 15:17","Yes","4","Cyber Security Consultant","information and communications",NA,"Small (10 to 49 employees)","32.1","30.45","35.25","13.99","44.72","44.86","43.07","4.94","92.73","96.84","75.72","47.46","24.42","20.71","0","41.02","30.73","31.82","36.49","14.81","6.72","33.74","6.04","17.28","29.9","12.89","Testing of Ransomware decryptor ","Current role","0","Cyber Security Consultant","Small (10 to 49 employees)","information and communications",NA,"0","0","0","0","0","0","0","0","0","0","0","0","0","0","0","0","0","0","0","0","0","0","0","0","0","0",NA,"testing of decryptor","Current role","On receiving a decryptor for an ongoing ransomware incident, we had to conduct tests to ensure that it was legitimate and had no malicious component. This involved conducting OSINT to see if any other organisations had released any findings as well as conducting static and dynamic testing in an isolated environment. ","Cyber Security Consultant","Small (10 to 49 employees)","information and communications",NA,"0","0","0","0","0","0","0","0","96.02","83.95","76.27","65.84","0","50.75","0","0","0","13.03","0","0","14.13","0","0","13.31","0","0","No. Take me to the next page of the survey (there are just 2 pages left!)","20-25","Yes, I have both a mental and physical disability, or have a history/record of having them","White","Male","No","No"
"24/09/2024 15:52","Yes","7","Founder of own cyber security consultancy ","Other (please state)","CNI ","Micro (1 to 9 employees)","95.7","67.34","6.88","81.95","73.64","84.53","3.15","4.87","85.96","83.95","100","12.03","9.46","6.88","15.47","26.36","23.5","19.2","0","8.31","24.36","21.2","0","0","53.58","58.45","Incidents - mobile malware ","Current role","Leading the response (on behalf of FCO) to the deployment and use of NSO Pegasus mobile malware ","Founder of own cyber security consultancy ","Micro (1 to 9 employees)","Other (please state)","CNI ","56.16","59.89","57.02","100","56.73","88.83","0","0","100","100","100","35.24","0","22.35","0","0","0","21.78","57.31","0","0","0","0","0","0","0","Yes, let me answer again for another problem.","Intrusion ","Current role","Multiple APT intrusions of infrastructure and cloud hosted services ","Founder of own cyber security consultancy ","Micro (1 to 9 employees)","Other (please state)","CNI ","98.28","0","0","50.72","0","0","0","0","80.23","99.43","100","73.07","0","36.96","0","0","81.09","33.24","17.48","0","33.52","80.52","20.06","0","20.34","0","No. Take me to the next page of the survey (there are just 2 pages left!)","40-49","I prefer not to answer","White","Male","No","No"
"25/09/2024 08:01","Yes","10","Lead Cyber Analyst ","transport and storage",NA,"Large (250 employees or more)","45.23","15.96","52.19","19.49","37.98","40.59","27.07","9.55","44.42","50.59","41.98","33.31","16.78","47.13","15.15","24.91","52.28","61.79","41.98","27.62","60.25","24.96","32.49","48.21","57.7","57.16","Helping out with IR","Current role","Working in the red team. Was asked to support the IR/forensics capability with investigation of an incident. ","Lead Cyber Analyst ","Large (250 employees or more)","transport and storage",NA,"18.4","9.73","14.88","7.56","12.44","23.55","4.31","4.31","83.17","97.26","36.29","100","5.29","72.58","4.31","21.11","100","53.46","26.43","6.21","74.71","6.21","27.62","6.48","31.95","17.86","Yes, let me answer again for another problem.","Drop shipped onto voip","Previous role","Got pulled from a job testing building management/HVAC systems to taking lead on assessing encrypted VoIP systems. Had to give a crash course on OT testing to more junior colleagues before switching assignments ","Security consultant ","Large (250 employees or more)","Other (please state)","Cyber security consultancy ","2.98","11.09","7.29","9.73","19.76","43.33","5.67","1.85","70.16","100","2.21","9.73","49.3","49.93","1.51","36.02","88.59","71.79","62.65","9.73","69.35","9.73","69.73","64.47","59.36","77.75","No. Take me to the next page of the survey (there are just 2 pages left!)","40-49","No, I do not have a disability, or a history/record of having one","Asian (Indian, Pakistani, Bangladeshi, Chinese, any other Asian background)","Male","No","No"
"25/09/2024 09:12","Yes","17","Global GRC Director","information and communications",NA,"Large (250 employees or more)","100","100","68.56","71.3","77.56","100","85.44","30.5","42.35","73.82","76.53","36.75","52.62","38.3","37.64","88.2","53.33","50.11","41.05","58.16","40.46","63.75","53.56","51.63","53.52","62.56","Develop effective and real world governance to protect assets while facilitating and enabling business goals and objectives.","Current role","Regulatory demands compounded by executive leadership drive to both demonstrate compliance holistically with peers, regulators, customers and partners while competing with business performance and financial drivers. 

The risk here is to 'tick a box' develop a solution that could be technically sufficient but lack practical and real world application, a false positive and/or negatively obstruct or otherwise impact some or all of business operations, functions and capabilities. 

Managing expectations, using maturity assessments to support gap analysis and both realistic and proportionate activities aligned to organisational risk appetite. Importantly effective change management and communications channels from the outset and the engagement and buying of business and technical stakeholders concerned directly as well as indirectly. 

Leveraging internal and external SMEs to compensate for gaps in project team exploiting opportunities confidently while avoiding missed opportunities and/or avoidable mistakes.

Ultimately a strong response aligned to business priorities, goals, objectives and values. A collective 'one team' approach leading to strong relationships, developing positive behaviors complimentary to good and effective security posture... ultimately organisational culture change and even emulation or approach / method and execution for non-security business activities to deliver results! ","Global GRC Director","Large (250 employees or more)","information and communications",NA,"100","100","100","83.22","100","100","77.58","51.67","79.67","100","78.7","78.86","81.68","80.96","83.52","100","82.15","80.76","84.63","75.38","78.51","83.5","76.37","78.19","79.72","81.31","No. Take me to the next page of the survey (there are just 2 pages left!)","0","0","0","0","0","0","0","0","0","0","0","0","0","0","0","0","0","0","0","0","0","0","0","0","0","0","0","0","0","0","0","0","0",NA,"40-49","No, I do not have a disability, or a history/record of having one","White","Male","No","No"
"25/09/2024 10:40","Yes","1","Cyber Security Consultant","professional, scientific, and technical",NA,"Small (10 to 49 employees)","54.86","67.36","86.53","42.08","56.94","52.5","67.08","11.11","41.53","56.11","94.86","49.86","99.17","32.92","33.61","48.47","53.89","69.31","44.58","74.86","56.53","55.69","99.72","32.78","54.86","26.67","Incident Response","Current role","Responding to a cyber incident typically involves a variety of different technical areas. In order to successfully support a client in identifying, containing and recovering to an attack, all of these areas should be implemented. ","Cyber Security Consultant","Small (10 to 49 employees)","professional, scientific, and technical",NA,"51.67","32.5","86.39","55.56","57.08","67.22","51.53","14.58","89.17","99.17","99.03","58.75","19.58","34.31","67.36","67.22","52.36","42.64","89.58","32.08","81.81","65.42","32.78","34.17","82.64","66.81","No. Take me to the next page of the survey (there are just 2 pages left!)","0","0","0","0","0","0","0","0","0","0","0","0","0","0","0","0","0","0","0","0","0","0","0","0","0","0","0","0","0","0","0","0","0",NA,"20-25","No, I do not have a disability, or a history/record of having one","White","Female","No","No"
"25/09/2024 15:06","Yes","15","Head of Information Security & Compliance","construction",NA,"Large (250 employees or more)","52.48","43.57","50.15","22.17","47","52.07","33.42","33.55","29.85","39.04","39.18","41.23","30.95","30.26","27.65","17.5","42.06","21.21","31.22","35.2","30.53","39.04","15.99","42.47","25.73","21.34","Communicating risk to non technical colleagues","Current role","Working in construction the challenge is to bring colleagues to an understanding of the benefits of working in a secure manner.  This goes beyond just cyber security (people & processes)","Head of Information Security & Compliance","Large (250 employees or more)","construction",NA,"76.35","77.17","76.35","44.12","36.98","0","0","0","33","7.9","43.02","0","0","0","0","0","0","0","0","0","0","0","0","0","77.59","0","No. Take me to the next page of the survey (there are just 2 pages left!)","0","0","0","0","0","0","0","0","0","0","0","0","0","0","0","0","0","0","0","0","0","0","0","0","0","0","0","0","0","0","0","0","0",NA,"I prefer not to answer","I prefer not to answer","Prefer not to say","Male","I prefer not to answer","I prefer not to answer"
"25/09/2024 20:27","Yes","10","Cyber Operations, Operations Manager","finance and insurance",NA,"Large (250 employees or more)","69.27","98.63","47.33","69.27","86.28","91.08","73.25","22.91","75.99","65.84","99.86","57.48","67.08","68.04","66.53","74.9","66.8","66.12","12.21","59.26","83.4","33.61","67.35","66.53","70.51","95.75","Implementation of Security event/alert lifecycle management process.","Current role","0","Cyber Operations, Operations Manager","Large (250 employees or more)","finance and insurance",NA,"0","0","0","0","0","0","0","0","0","0","0","0","0","0","0","0","0","0","0","0","0","0","0","0","0","0",NA,"Implementation of Cyber Security, detection engineering processes","Current role","Requirement to build out a cyclical, threat detection and engineering process which required:

- Understanding of Primary Threat Adversaries and identification of their TTPs.

- Threat Hunting capability for aforementioned TTPs (and other Indicators of Compromise).

- Detection Engineering capability (for creation of signals, signatures and detections, specific to the aforementioned TTPs), delivering these into production.

- Event Triage and Investigation to Incident esclation including containment, eradication and recovery.

- Feedback mechansim of observed incidents, back into Intelligence teams to close the loop. (Detection Lifecycle Management).","Cyber Operations, Operations Manager","Large (250 employees or more)","finance and insurance",NA,"100","100","69.82","0","0","100","64.61","17.7","100","100","100","41.29","0","0","96.98","96.16","99.86","96.02","0","90.26","87.65","95.88","0","90.95","100","0","No. Take me to the next page of the survey (there are just 2 pages left!)","40-49","No, I do not have a disability, or a history/record of having one","White","Male","No","No"
"27/09/2024 10:43","Yes","13","Vice President ","professional, scientific, and technical",NA,"Large (250 employees or more)","99.13","82.66","99.13","100","81.21","100","100","26.59","63.87","54.62","44.8","12.43","36.13","22.25","23.7","33.53","30.06","76.3","25.43","55.78","57.8","43.35","34.39","23.12","10.98","11.85","Skills shortage","Current role","Difficulty recruiting and retaining skilled staff, or even new entrants with aptitude. Especially difficult to access a diverse talent pool. ","Vice President ","Large (250 employees or more)","professional, scientific, and technical",NA,"100","99.42","99.13","78.32","100","98.55","89.31","60.12","0","75.72","74.86","0","3.76","5.78","2.31","56.36","0","58.96","99.13","0","0","0","0","0","0","0","No. Take me to the next page of the survey (there are just 2 pages left!)","0","0","0","0","0","0","0","0","0","0","0","0","0","0","0","0","0","0","0","0","0","0","0","0","0","0","0","0","0","0","0","0","0",NA,"50-59","No, I do not have a disability, or a history/record of having one","White","Male","No","No"
"27/09/2024 11:05","Yes","20","Head of Information Security","professional, scientific, and technical",NA,"Large (250 employees or more)","87.87","89.11","79.64","85.95","92.13","91.44","81.29","49.33","70.04","87.6","88.83","69.22","57.42","74.84","47.54","87.46","81.84","78.68","72.51","68.12","84.03","80.05","61.26","55.91","31.91","59.75","Dealing with targeted phishing campaigns","Current role","We saw a campaign targeted at a small number of individuals, which appeared well coordinated and focused on trying to gain their corporate login details.","Head of Information Security","Large (250 employees or more)","professional, scientific, and technical",NA,"51.66","83.07","8.31","10.51","92.81","89.38","30.67","6.67","94.32","95.14","92.26","6.26","6.94","63.87","10.37","86.91","92.67","73.74","11.06","8.86","80.19","79.51","9.96","13.11","11.19","10.37","No. Take me to the next page of the survey (there are just 2 pages left!)","0","0","0","0","0","0","0","0","0","0","0","0","0","0","0","0","0","0","0","0","0","0","0","0","0","0","0","0","0","0","0","0","0",NA,"50-59","No, I do not have a disability, or a history/record of having one","White","Male",NA,"No"
"27/09/2024 21:38","Yes","25","Founder","professional, scientific, and technical",NA,"Micro (1 to 9 employees)","100","100","95.77","100","84.29","82.78","82.78","87.92","71.6","88.82","86.4","95.47","32.33","49.55","54.38","91.84","57.7","45.02","82.48","48.04","37.16","83.38","17.82","41.69","89.73","45.62","The iceberg breach","Current role","'- client security breach 
- leading to authorised push payment fraud (APP)
- task was to investigate, triage/comment on adequacy of current controls, trace assets (typical for similar)
- interesting part was investigation and tracing; client convinced an inside job. Reality was much bigger
- uncovered a huge organised crime network
- interesting part was how we uncovered: combination of technical and some very tenacious curiosity (and multilingual skills)","Founder","Micro (1 to 9 employees)","professional, scientific, and technical",NA,"1.81","21.15","80.97","37.76","18.13","17.52","89.12","33.53","74.92","100","22.36","88.82","19.03","1.51","18.43","15.41","3.02","4.83","6.04","7.85","4.83","50.15","6.65","1.21","4.83","4.83","No. Take me to the next page of the survey (there are just 2 pages left!)","0","0","0","0","0","0","0","0","0","0","0","0","0","0","0","0","0","0","0","0","0","0","0","0","0","0","0","0","0","0","0","0","0",NA,"40-49","No, I do not have a disability, or a history/record of having one","Prefer not to say","I prefer not to answer","I prefer not to answer","I prefer not to answer"
"30/09/2024 10:03","Yes","8","Director","information and communications",NA,"Micro (1 to 9 employees)","80.06","56.5","81.27","74.62","100","100","91.84","23.56","41.39","82.78","89.43","0","54.98","8.16","7.25","89.12","99.09","3.63","53.78","23.26","54.98","64.05","0","7.25","64.35","73.11","C-suite to user disconnect ","Current role","Senior management/c-suite introduce security measures with only technical explanation. End users I.e employees find no resonance with what they see as impediment to efficient working, therefore seek “work arounds”, effectively increasing risk above where it sat prior to implementation ","Director","Micro (1 to 9 employees)","information and communications",NA,"74.32","67.67","8.46","5.44","100","100","60.12","6.95","7.25","45.62","54.98","6.65","6.04","45.32","6.34","59.82","64.35","59.52","5.44","6.95","81.27","51.06","7.85","7.25","6.65","5.74","No. Take me to the next page of the survey (there are just 2 pages left!)","0","0","0","0","0","0","0","0","0","0","0","0","0","0","0","0","0","0","0","0","0","0","0","0","0","0","0","0","0","0","0","0","0",NA,"60 and over","No, I do not have a disability, or a history/record of having one","White","Male","No","No"
"01/10/2024 08:44","Yes","3","Policy Advisor","professional, scientific, and technical",NA,"Large (250 employees or more)","100","66.39","100","81.07","35.53","93","60.08","6.58","38.82","86.83","46.64","17.97","3.02","12.48","8.37","26.2","35.67","4.53","28.4","1.65","19.75","3.43","1.78","19.07","11.52","19.34","Threat Lever","Current role","Understanding the legal/regulatory/policy mechanisms for reducing particular threat vectors, and developing a plan for increasing use or uptake of these mechanisms. ","Policy Advisor","Large (250 employees or more)","professional, scientific, and technical",NA,"100","100","100","68.59","43.07","100","44.17","58.3","1.1","85.87","23.05","0","1.37","0","0","0","0","1.65","0","0","0.96","0","0","1.51","2.19","4.25","No. Take me to the next page of the survey (there are just 2 pages left!)","0","0","0","0","0","0","0","0","0","0","0","0","0","0","0","0","0","0","0","0","0","0","0","0","0","0","0","0","0","0","0","0","0",NA,"30-39","No, I do not have a disability, or a history/record of having one","White","Male","No","No"
"01/10/2024 14:16","Yes","21","Enterprise Security Architect","utilities and production (including manufacturing)",NA,"Large (250 employees or more)","82.44","70.64","69.82","47.05","27.85","60.08","39.64","66.26","30.59","16.6","67.22","11.66","42.8","15.36","9.47","4.66","65.16","25.1","28.26","33.61","53.5","48.56","9.88","4.39","49.11","32.1","Scoping a multi-million pound cyber improvement programme","Current role","Led a team to specify: 1) What would be done 2) What the benefits are (e.g. to reduce risk and increase maturity) 3) How much it would cost 4) What resources are needed then hired and mobilised them","Enterprise Security Architect","Large (250 employees or more)","utilities and production (including manufacturing)",NA,"32.65","16.6","48.97","51.17","33.06","51.58","1.51","14.13","15.64","12.76","41.7","1.92","2.33","0","5.49","0","38.13","1.51","6.58","7.41","36.9","17.56","0.27","0.27","0.27","5.08","Yes, let me answer again for another problem.","Security Lead on an Infrastructure Transformation Programme","Previous role","Assure the security of the organisations data and applications during a move and in the new environments: cloud and private data centre. ","Security Consultant/Architect","Large (250 employees or more)","finance and insurance","0","42.52","0","9.19","3.57","2.33","0","10.29","0","20.03","16.19","9.6","0","4.8","26.06","0","0","30.32","3.16","5.76","0","56.38","41.84","0","2.74","0","41.98","No. Take me to the next page of the survey (there are just 2 pages left!)","40-49","No, I do not have a disability, or a history/record of having one","White","Male","No","No"
"02/10/2024 09:19","Yes","8","SOAR (Security Orchestration, Automation and Response) Product Owner","utilities and production (including manufacturing)",NA,"Large (250 employees or more)","12.76","1.65","4.66","16.74","29.22","9.05","0","0","15.78","0","58.16","11.66","0","0","0","6.45","23.32","22.22","0","0","0","42.11","0","0","6.45","0","automated password reset","Current role","Bulk reset of user account passwords
No access to tooling
Automation required to reset password, revoke sessions and notify users 
Also requires additional comms to ensure additional things are in place and users aware of process.","SOAR (Security Orchestration, Automation and Response) Product Owner","Large (250 employees or more)","utilities and production (including manufacturing)",NA,"30.45","0","0","6.04","0","39.92","0","0","0","5.9","34.71","0","0","0","0","24.83","47.33","0","0","0","0","38.82","0","0","13.44","0","No. Take me to the next page of the survey (there are just 2 pages left!)","0","0","0","0","0","0","0","0","0","0","0","0","0","0","0","0","0","0","0","0","0","0","0","0","0","0","0","0","0","0","0","0","0",NA,"50-59","No, I do not have a disability, or a history/record of having one","White","Female","Yes","No"
"02/10/2024 11:31","Yes","15","CISO","construction",NA,"Large (250 employees or more)","98.08","93.96","79.97","97.39","97.26","96.71","98.35","52.95","93.42","94.92","97.26","55.69","57.61","92.46","68.72","87.65","96.71","53.36","83.68","55.69","97.81","85.46","51.03","92.32","96.02","93.69","Technical Debt ","Current role","Reliance on critical systems that were installed 20yers ago, which require managing to reduce risk of an adverse event ","CISO","Large (250 employees or more)","construction",NA,"72.7","0","0","77.23","72.84","75.86","0","0","72.43","76.68","73.11","0","0","74.76","0","55.14","70.64","0","0","0","0","0","0","76.95","76.95","0","No. Take me to the next page of the survey (there are just 2 pages left!)","0","0","0","0","0","0","0","0","0","0","0","0","0","0","0","0","0","0","0","0","0","0","0","0","0","0","0","0","0","0","0","0","0",NA,"50-59","No, I do not have a disability, or a history/record of having one","White","Male","No","No"
"08/10/2024 12:04","Yes","5","Director","information and communications",NA,"Medium (50 to 249 employees)","66.94","43.35","14.13","73.11","69.41","75.58","29.36","56.52","19.48","98.22","46.09","27.71","2.74","16.05","1.78","1.65","1.92","2.06","13.03","3.02","1.37","22.91","1.92","1.78","1.23","2.06","Hybrid Threat","Current role","n?a","Director","Medium (50 to 249 employees)","information and communications",NA,"1.1","55.97","51.17","79.42","1.65","57.75","2.61","44.44","1.65","98.63","44.99","53.5","2.74","2.33","1.78","1.78","1.1","2.06","1.78","0.96","1.51","0.96","2.19","0.69","2.19","1.65","No. Take me to the next page of the survey (there are just 2 pages left!)","0","0","0","0","0","0","0","0","0","0","0","0","0","0","0","0","0","0","0","0","0","0","0","0","0","0","0","0","0","0","0","0","0",NA,"40-49","No, I do not have a disability, or a history/record of having one","White","Female","No","No"
"08/10/2024 12:34","Yes","30","Principal Cyber Security Consultant","professional, scientific, and technical",NA,"Large (250 employees or more)","100","100","100","87.93","81.48","67.08","84.22","55.69","52.4","64.88","78.88","17.7","22.22","31.55","71.88","100","71.88","71.6","50.75","83.81","68.72","52.67","2.19","73.11","85.05","69.27","Developing a risk management appraoch","Current role","Developing a risk management framework, aligned to ISO27005, to support system level risk assessments, supporting a organisational risk assessment and supporting a board level cyber risk, with risk mitigation plans.","Principal Cyber Security Consultant","Large (250 employees or more)","professional, scientific, and technical",NA,"99.86","85.87","100","34.71","100","100","26.06","33.33","32.24","41.15","80.8","18.11","43.35","56.65","6.86","91.77","79.56","61.59","57.89","77.78","84.91","42.52","19.75","82.03","81.62","79.56","No. Take me to the next page of the survey (there are just 2 pages left!)","0","0","0","0","0","0","0","0","0","0","0","0","0","0","0","0","0","0","0","0","0","0","0","0","0","0","0","0","0","0","0","0","0",NA,"50-59","No, I do not have a disability, or a history/record of having one","White","Male","No","No"
"08/10/2024 13:14","Yes","4","IT Business Partner","utilities and production (including manufacturing)",NA,"Large (250 employees or more)","8.88","15.47","12.89","4.01","14.04","13.18","14.9","15.19","10.32","5.16","14.33","1.15","2.58","11.46","4.3","17.19","3.44","5.44","8.6","1.43","4.58","16.05","2.01","2.01","17.48","2.58","Preparation for DIBCAC audit","Current role","The challenge was to articulate and secure broad functional buy in to ensure commitment to complete the required actions for compliance when the perception in our business was that nothing was broken. ","IT Business Partner","Large (250 employees or more)","utilities and production (including manufacturing)",NA,"0","17.77","36.39","0","19.2","0","0","0","0","0","19.2","0","0","0","0","0","0","0","0","0","19.48","0","0","0","14.04","0","No. Take me to the next page of the survey (there are just 2 pages left!)","0","0","0","0","0","0","0","0","0","0","0","0","0","0","0","0","0","0","0","0","0","0","0","0","0","0","0","0","0","0","0","0","0",NA,"50-59","No, I do not have a disability, or a history/record of having one","White","Male","No","No"
"08/10/2024 16:36","Yes","15","Vulnerability Manager / Team Lead","professional, scientific, and technical",NA,"Large (250 employees or more)","86.97","74.49","50.89","61.59","79.15","92.73","92.18","80.8","98.08","90.53","90.67","69.55","86.28","96.98","90.67","98.08","100","53.5","45.4","44.99","98.63","79.29","91.5","97.81","90.12","97.94","Data Transmission","Previous role","Transmitting secure data over a non secure system","Cyber Security Analyst TL","Large (250 employees or more)","professional, scientific, and technical","0","97.94","75.45","70.64","60.63","63.24","79.15","97.53","75.17","94.92","90.4","93.69","55.28","91.36","91.77","81.89","96.16","98.77","79.7","52.81","87.11","97.67","81.62","98.49","99.18","97.39","92.59","No. Take me to the next page of the survey (there are just 2 pages left!)","0","0","0","0","0","0","0","0","0","0","0","0","0","0","0","0","0","0","0","0","0","0","0","0","0","0","0","0","0","0","0","0","0",NA,"50-59","No, I do not have a disability, or a history/record of having one","White","Male","No","No"
"09/10/2024 11:05","Yes","13","Director","education",NA,"Micro (1 to 9 employees)","0","63.92","76.95","95.47","0","0","0","0","0","68.31","0","0","0","0","0","0","0","0","0","0","0","0","0","0","0","0","Scenario Based Exercising for Cyber Strategy and Policy Training","Current role","we had to develop a cyber incident scenario that was robust technically but was focused on much broader and strategic issues rather than the technical aspects of the attack, so understanding impact on stakeholders and knock on effects, rather than just the attack methodologies.","Director","Micro (1 to 9 employees)","education",NA,"0","49.25","0","48.7","0","0","0","0","0","0","0","0","0","0","0","0","0","0","0","0","0","0","0","0","0","0","No. Take me to the next page of the survey (there are just 2 pages left!)","0","0","0","0","0","0","0","0","0","0","0","0","0","0","0","0","0","0","0","0","0","0","0","0","0","0","0","0","0","0","0","0","0",NA,"40-49","No, I do not have a disability, or a history/record of having one","White","Male","No","No"
"10/10/2024 17:00","Yes","5","Human Factors Specialist","Other (please state)","cyber security education training and coaching","Micro (1 to 9 employees)","75.72","93.14","28.4","95.75","94.79","98.63","40.6","0.41","52.95","84.77","36.21","0.82","2.88","8.78","0.27","39.37","24.55","0.27","2.88","2.88","34.29","11.39","0.27","3.16","0","2.88","Cyber crisis scenario planning","Previous role","Asked to develop a cyber crisis scenario that integrated a third party product with a stand alone proprietary SaaS platform","Cyber Crisis Content Specialist","Large (250 employees or more)","Other (please state)","Cyber security training","97.94","97.81","71.88","61.87","69.82","52.81","20.85","0.27","52.26","85.46","85.32","6.58","0.27","51.71","44.99","25.79","66.39","5.08","30.59","0.27","52.54","0.27","0.41","27.3","62.69","21.67","No. Take me to the next page of the survey (there are just 2 pages left!)","0","0","0","0","0","0","0","0","0","0","0","0","0","0","0","0","0","0","0","0","0","0","0","0","0","0","0","0","0","0","0","0","0",NA,"30-39","Yes, I have a mental disability or neurodiversity, or have a history/record of having one","White","Male","Yes","No"
"16/10/2024 06:38","Yes","30","Professor of Cyber Security ŕ","education",NA,"Large (250 employees or more)","99.67","89.98","83.95","86.12","100","100","69.93","12.97","55.35","82.24","80.46","29.03","16.71","18.58","22.15","11.19","47.81","84.69","27.09","85.98","84.67","21.45","13.05","17.08","13.96","16.42","Break in","Previous role","Shared building. Theives made of with IT equipment.","CISO","Small (10 to 49 employees)","information and communications","0","100","85.2","85.64","3.71","83.45","100","1.27","1.79","3.42","100","99.77","58.86","76.75","1.49","74.68","3.79","69.73","4.73","2.22","3.29","3.32","3.43","2.07","2.89","1.27","92.61","No. Take me to the next page of the survey (there are just 2 pages left!)","0","0","0","0","0","0","0","0","0","0","0","0","0","0","0","0","0","0","0","0","0","0","0","0","0","0","0","0","0","0","0","0","0",NA,"I prefer not to answer","I prefer not to answer","Prefer not to say","I prefer not to answer","I prefer not to answer","I prefer not to answer"
"16/10/2024 20:51","Yes","8","Head of Cyber Security (Alert Response/SOC)","retail and wholesale (including vehicle sales and repairs)",NA,"Large (250 employees or more)","28.94","0","0","36.96","0","0","13.75","11.46","61.6","0","100","72.78","16.91","52.15","0","0","44.41","0","26.36","0","59.89","61.32","24.07","0","20.63","0","Preventing disruption to the release of the worlds first viable Covid vaccine","Previous role","Responding rapidly to a critical cyber incident during the Christmas holidays, which transpired to be ransomware, and occurred only a few days before the first vaccine was due to be delivered to its first patient, and be the first viable vaccine delivered to a human patient in the world. Unbeknownst at the time of the response, but getting it right was critical to avoiding disruption to the vaccine rollout. End to end the incident was contained in under an hour, and the problem of getting all required stakeholders engaged during the holidays was overcome, through having robust processes in place as the right people engaged at the right time, to take effective action. ","Associate Director of Cyber Defence Operations","Large (250 employees or more)","Other (please state)","Pharmaceutical ","0","0","0","0","0","78.51","0","0","73.35","47.28","100","0","0","0","0","0","0","0","0","0","58.74","0","0","0","0","0","No. Take me to the next page of the survey (there are just 2 pages left!)","0","0","0","0","0","0","0","0","0","0","0","0","0","0","0","0","0","0","0","0","0","0","0","0","0","0","0","0","0","0","0","0","0",NA,"40-49","No, I do not have a disability, or a history/record of having one","Mixed two or more ethnic groups","Male","No","No"
"17/10/2024 08:18","Yes","15","Lead Cyber Security Specialist","utilities and production (including manufacturing)",NA,"Large (250 employees or more)","83.81","61.32","43.9","73.39","96.84","96.3","69.68","46.5","25.65","63.1","31.82","27.3","37.31","22.91","25.93","63.24","39.64","29.77","40.6","25.1","32.51","38.13","30.04","20.99","29.36","23.87","Introducing people centric thinking into phishing simulations","Current role","Everyone thinks phishing simulations can simply be done and put little thought into the impact and the reasons they want to do them. They have heard that you have to have them, they hear that they have to be 'real' and 'hard' and that they can just do what they want to internal staff because they are security. ","Lead Cyber Security Specialist","Large (250 employees or more)","utilities and production (including manufacturing)",NA,"52.81","61.73","89.85","72.98","95.2","87.65","64.88","62.55","61.59","51.3","26.2","2.19","2.19","2.33","3.02","2.19","3.16","2.19","56.79","2.33","16.74","3.43","7.96","2.74","3.98","2.33","No. Take me to the next page of the survey (there are just 2 pages left!)","0","0","0","0","0","0","0","0","0","0","0","0","0","0","0","0","0","0","0","0","0","0","0","0","0","0","0","0","0","0","0","0","0",NA,"40-49","No, I do not have a disability, or a history/record of having one","White","Female","Yes","No"
"17/10/2024 11:12","Yes","11","Cyber Skills Consultant","Other (please state)","Government Programmea","Medium (50 to 249 employees)","59.83","52.6","9.54","73.41","53.47","53.47","6.94","0","12.14","26.88","3.76","0.87","10.98","0","0","1.45","0","0","0","6.94","8.67","13.01","0","0","0","5.78","Cyber Awareness","Current role","Little if any awareness programmes in the MOD.  Championed a pan service programme with ambassadors","Cyber Skills Consultant","Medium (50 to 249 employees)","Other (please state)","Government Programmea","49.13","49.42","19.65","0","64.74","85.84","9.83","0","10.69","31.79","0","0.58","0","0","0.58","2.02","52.89","12.14","0","0","10.69","0","0.87","32.66","10.69","0","No. Take me to the next page of the survey (there are just 2 pages left!)","0","0","0","0","0","0","0","0","0","0","0","0","0","0","0","0","0","0","0","0","0","0","0","0","0","0","0","0","0","0","0","0","0",NA,"50-59","No, I do not have a disability, or a history/record of having one","White","Male","No","No"
"18/10/2024 09:47","Yes","7","Consultant","professional, scientific, and technical",NA,"Large (250 employees or more)","100","100","100","100","61.89","65.62","49.57","27.79","28.65","0","41.83","0","0","0","0","65.33","0","0.86","45.27","0","66.19","38.97","0","0","0","0","Client advisory on security investment to the board","Current role","Client X wanted us to advise on where security investment is most needed to improve cyber security maturity and demonstrate value for money. This was off the back of a lengthy engagement of a cyber risk audit and therefore built on a strong understanding of their controls and weaknesses. They wanted to present this to the board and justify it in the context of their network and the wider threat environment.","Consultant","Large (250 employees or more)","professional, scientific, and technical",NA,"100","76.5","31.81","0","47.85","94.27","0","0","66.48","71.63","78.51","0","0","0","0","80.8","82.81","0","73.35","0","67.62","76.79","24.64","79.37","0","0","No. Take me to the next page of the survey (there are just 2 pages left!)","0","0","0","0","0","0","0","0","0","0","0","0","0","0","0","0","0","0","0","0","0","0","0","0","0","0","0","0","0","0","0","0","0",NA,"30-39","No, I do not have a disability, or a history/record of having one","Asian (Indian, Pakistani, Bangladeshi, Chinese, any other Asian background)","Female","No","No"
"23/10/2024 07:45","Yes","20","Cyber Ecosystem Project Manager","education",NA,"Large (250 employees or more)","63.02","100","63.83","62.65","53.4","100","46.23","5.97","37.03","87.86","74.62","13.42","2.87","18.14","3","25.73","3.3","3.55","3.58","3.21","10.47","18.68","2.79","6.83","47.3","9.67","Malware link in email","Previous role","Every employee received an email from an adversary. The link was linked via an image in the email which no longer existed so had the red X. However, users, we knew, would click it anyway and it was 5pm on a Friday so must users would have been on their mobile devices.","Cyber Security Director","Large (250 employees or more)","Other (please state)","Gambling, we created online casinos.","83.16","49.05","80.49","9.19","48.93","100","0","0","94.49","81.21","100","54.88","0","21.24","0","32.52","18.88","13.78","13.09","2.25","66.83","8.41","0","0","1.3","0","No. Take me to the next page of the survey (there are just 2 pages left!)","0","0","0","0","0","0","0","0","0","0","0","0","0","0","0","0","0","0","0","0","0","0","0","0","0","0","0","0","0","0","0","0","0",NA,"50-59","I prefer not to answer","White","Male","No","No"
"23/10/2024 11:22","Yes","4","Enterprise Security Architect","education",NA,"Large (250 employees or more)","69.27","75.17","79.56","77.09","80.52","86.42","79.01","69.82","67.76","77.5","76.13","69.68","45.95","69.41","37.17","77.5","69.96","64.2","78.88","69.41","57.2","76.54","31.96","52.26","74.9","42.52","Medical research","Current role","specialist medical research equipment requiring public internet access whilst being hosted on private network and using old vulnerable technology","Enterprise Security Architect","Large (250 employees or more)","education",NA,"86.56","47.19","43.62","10.84","70.23","61.87","1.78","0","83.13","94.1","67.22","9.33","3.16","28.12","3.16","6.04","49.66","73.8","57.89","59.95","94.65","27.85","6.58","77.37","39.09","70.1","Yes, let me answer again for another problem.","private by design challenge","Current role","enterprise cloud architecture design principles","Enterprise Security Architect","Large (250 employees or more)","education",NA,"75.86","43.76","90.4","5.21","10.01","73.94","7.68","86.15","93.14","92.18","82.58","28.94","31.28","49.52","77.64","24.01","62","76.82","83.13","18.52","63.92","96.3","34.02","7.96","2.74","22.22","No. Take me to the next page of the survey (there are just 2 pages left!)","50-59","No, I do not have a disability, or a history/record of having one","White","Male","No","No"
"24/10/2024 15:41","Yes","11","Manager - Penetration Tester (consultancy)","professional, scientific, and technical",NA,"Large (250 employees or more)","78.39","23.44","77.08","13.02","76.3","56.77","19.01","39.84","65.89","69.01","44.53","13.02","59.9","85.42","23.7","39.84","87.76","38.28","48.44","49.74","100","60.16","56.25","86.46","69.01","100","Realistic attack simulation","Current role","0","Manager - Penetration Tester (consultancy)","Large (250 employees or more)","professional, scientific, and technical",NA,"0","0","0","0","0","0","0","0","0","0","0","0","0","0","0","0","0","0","0","0","0","0","0","0","0","0",NA,"Realistic attack simulation","Current role","We were contracted to deliver a Red Team/simulated cyber attack exercise against a client, and the client was insistent that only external attack scenarios were simulated. Input from a broad range of specialisms and from senior levels in the consultancy was needed to persuade the client that the external-only constraint would limit the value of the exercise, and that ‘assumed breach’ and/or ‘insider threat’ scenarios were realistic, legitimate concerns. Providing initial access to the Red Team testers would not amount to “cheating”. Equally, risk management and governance input was needed to persuade the client that the operational risks of conducting the exercise, to the client’s systems and data, were manageable. ","Manager - Penetration Tester (consultancy)","Large (250 employees or more)","professional, scientific, and technical",NA,"80.99","57.03","72.4","10.68","65.63","59.11","18.23","15.63","100","100","63.28","3.91","13.28","43.75","15.89","27.34","82.81","49.74","47.4","16.41","82.29","57.81","28.91","7.03","20.57","88.02","No. Take me to the next page of the survey (there are just 2 pages left!)","30-39","No, I do not have a disability, or a history/record of having one","White","Male","No","No"
"14/11/2024 11:22","Yes","11","Director of Cyber Operations & Engineering","transport and storage",NA,"Large (250 employees or more)","45.95","80.11","69.27","25.51","62.69","86.15","26.34","4.53","71.6","72.29","100","9.88","8.09","75.86","53.91","84.64","54.46","33.74","68.45","46.78","89.99","65.57","6.17","72.29","69.82","19.62","Third Party Cyber Incident (Supply Chain)","Current role","Supplier suffered a cyber incident.  The supplier provided 7 different services to our business, all of which needed to be contained and so were no long operational.  An assessment needed to be completed before any of these services could be reinstated to ensure the supplier had eradicated and recovered effectively.  Customers of our business were contacting to understand if we had been impacted by the same Cyber incident, employees who were consumers of more than one of the services required communications to confirm their data had not been impacted.","Director of Cyber Operations & Engineering","Large (250 employees or more)","transport and storage",NA,"39.51","55.69","89.3","81.48","0","90.67","50.07","0","10.97","0","86.15","0","0","0","81.48","0","26.89","0","0","0","91.5","0","0","0","0","0","No. Take me to the next page of the survey (there are just 2 pages left!)","0","0","0","0","0","0","0","0","0","0","0","0","0","0","0","0","0","0","0","0","0","0","0","0","0","0","0","0","0","0","0","0","0",NA,"30-39","No, I do not have a disability, or a history/record of having one","White","Female","No","No"
"18/11/2024 19:36","Yes","0","Associate IAM technical analyst","finance and insurance",NA,"Large (250 employees or more)","0","0","7.51","0","0","0","0","0","0","6.94","0","0","0","0","0","0","26.01","0","0","9.54","0","7.8","0","0","6.94","0","Terraform config issues ","Current role","While onboarding an app for SSO and authentication purposes, I had issues with the terraform code - the code didn’t initially accept expressions for extended attributes. ","Associate IAM technical analyst","Large (250 employees or more)","finance and insurance",NA,"16.47","0","0","0","0","0","0","0","0","0","0","0","0","0","0","0","74.86","0","0","6.65","0","0","0","0","0","0","No. Take me to the next page of the survey (there are just 2 pages left!)","0","0","0","0","0","0","0","0","0","0","0","0","0","0","0","0","0","0","0","0","0","0","0","0","0","0","0","0","0","0","0","0","0",NA,"30-39","Yes, I have a mental disability or neurodiversity, or have a history/record of having one","Black/African/Caribbean","Female","No","No"
"19/11/2024 11:59","Yes","13","Senior Lecturer","education",NA,"Large (250 employees or more)","24.69","13.58","21.95","12.07","11.11","32.24","65.84","34.98","7.96","17.01","8.5","14.27","64.47","7.13","57.48","10.15","65.29","13.03","7.41","13.31","25.51","51.85","86.28","10.01","67.22","25.65","security and privacy by design solutions","Current role","Combining various PETs","Senior Lecturer","Large (250 employees or more)","education",NA,"42.25","0","0","0","0","0","68.59","0","0","0","0","0","45.27","0","0","0","0","0","0","0","0","0","69.14","0","54.05","0","No. Take me to the next page of the survey (there are just 2 pages left!)","0","0","0","0","0","0","0","0","0","0","0","0","0","0","0","0","0","0","0","0","0","0","0","0","0","0","0","0","0","0","0","0","0",NA,"40-49","No, I do not have a disability, or a history/record of having one","Other (Arab or any others)","Male","No","No"
